{
	"credit": "Made with Blockbench",
	"textures": {
		"0": "QBU88/QBU88",
		"particle": "QBU88/QBU88"
	},
	"elements": [
		{
			"name": "voxel",
			"from": [3.2, 2.56, 0],
			"to": [3.36, 2.72, 3.2],
			"faces": {
				"north": {"uv": [0.25, 0.25, 0.75, 0.75], "texture": "#0"},
				"east": {"uv": [0.25, 0.25, 0.75, 0.75], "texture": "#0"},
				"south": {"uv": [0.25, 0.25, 0.75, 0.75], "texture": "#0"},
				"west": {"uv": [0.25, 0.25, 0.75, 0.75], "texture": "#0"},
				"up": {"uv": [0.25, 0.25, 0.75, 0.75], "texture": "#0"},
				"down": {"uv": [0.25, 0.25, 0.75, 0.75], "texture": "#0"}
			}
		},
		{
			"name": "voxel",
			"from": [2.88, 2.56, 0],
			"to": [3.04, 2.72, 3.2],
			"faces": {
				"north": {"uv": [0.25, 0.25, 0.75, 0.75], "texture": "#0"},
				"east": {"uv": [0.25, 0.25, 0.75, 0.75], "texture": "#0"},
				"south": {"uv": [0.25, 0.25, 0.75, 0.75], "texture": "#0"},
				"west": {"uv": [0.25, 0.25, 0.75, 0.75], "texture": "#0"},
				"up": {"uv": [0.25, 0.25, 0.75, 0.75], "texture": "#0"},
				"down": {"uv": [0.25, 0.25, 0.75, 0.75], "texture": "#0"}
			}
		},
		{
			"name": "voxel",
			"from": [3.04, 3.36, 3.2],
			"to": [3.2, 4, 3.36],
			"faces": {
				"north": {"uv": [1.25, 0.25, 1.75, 0.75], "texture": "#0"},
				"east": {"uv": [1.25, 0.25, 1.75, 0.75], "texture": "#0"},
				"south": {"uv": [1.25, 0.25, 1.75, 0.75], "texture": "#0"},
				"west": {"uv": [1.25, 0.25, 1.75, 0.75], "texture": "#0"},
				"up": {"uv": [1.25, 0.25, 1.75, 0.75], "texture": "#0"},
				"down": {"uv": [1.25, 0.25, 1.75, 0.75], "texture": "#0"}
			}
		},
		{
			"name": "voxel",
			"from": [3.36, 3.84, 10.08],
			"to": [3.52, 4, 11.04],
			"faces": {
				"north": {"uv": [1.25, 0.25, 1.75, 0.75], "texture": "#0"},
				"east": {"uv": [1.25, 0.25, 1.75, 0.75], "texture": "#0"},
				"south": {"uv": [1.25, 0.25, 1.75, 0.75], "texture": "#0"},
				"west": {"uv": [1.25, 0.25, 1.75, 0.75], "texture": "#0"},
				"up": {"uv": [1.25, 0.25, 1.75, 0.75], "texture": "#0"},
				"down": {"uv": [1.25, 0.25, 1.75, 0.75], "texture": "#0"}
			}
		},
		{
			"name": "voxel",
			"from": [2.72, 3.84, 10.08],
			"to": [2.88, 4, 11.04],
			"faces": {
				"north": {"uv": [1.25, 0.25, 1.75, 0.75], "texture": "#0"},
				"east": {"uv": [1.25, 0.25, 1.75, 0.75], "texture": "#0"},
				"south": {"uv": [1.25, 0.25, 1.75, 0.75], "texture": "#0"},
				"west": {"uv": [1.25, 0.25, 1.75, 0.75], "texture": "#0"},
				"up": {"uv": [1.25, 0.25, 1.75, 0.75], "texture": "#0"},
				"down": {"uv": [1.25, 0.25, 1.75, 0.75], "texture": "#0"}
			}
		},
		{
			"name": "voxel",
			"from": [2.72, 4.48, 10.08],
			"to": [2.88, 4.64, 11.04],
			"faces": {
				"north": {"uv": [1.25, 0.25, 1.75, 0.75], "texture": "#0"},
				"east": {"uv": [1.25, 0.25, 1.75, 0.75], "texture": "#0"},
				"south": {"uv": [1.25, 0.25, 1.75, 0.75], "texture": "#0"},
				"west": {"uv": [1.25, 0.25, 1.75, 0.75], "texture": "#0"},
				"up": {"uv": [1.25, 0.25, 1.75, 0.75], "texture": "#0"},
				"down": {"uv": [1.25, 0.25, 1.75, 0.75], "texture": "#0"}
			}
		},
		{
			"name": "voxel",
			"from": [3.36, 4.48, 10.08],
			"to": [3.52, 4.64, 11.04],
			"faces": {
				"north": {"uv": [1.25, 0.25, 1.75, 0.75], "texture": "#0"},
				"east": {"uv": [1.25, 0.25, 1.75, 0.75], "texture": "#0"},
				"south": {"uv": [1.25, 0.25, 1.75, 0.75], "texture": "#0"},
				"west": {"uv": [1.25, 0.25, 1.75, 0.75], "texture": "#0"},
				"up": {"uv": [1.25, 0.25, 1.75, 0.75], "texture": "#0"},
				"down": {"uv": [1.25, 0.25, 1.75, 0.75], "texture": "#0"}
			}
		},
		{
			"name": "voxel",
			"from": [2.72, 4, 9.6],
			"to": [2.88, 4.48, 11.04],
			"faces": {
				"north": {"uv": [1.25, 0.25, 1.75, 0.75], "texture": "#0"},
				"east": {"uv": [1.25, 0.25, 1.75, 0.75], "texture": "#0"},
				"south": {"uv": [1.25, 0.25, 1.75, 0.75], "texture": "#0"},
				"west": {"uv": [1.25, 0.25, 1.75, 0.75], "texture": "#0"},
				"up": {"uv": [1.25, 0.25, 1.75, 0.75], "texture": "#0"},
				"down": {"uv": [1.25, 0.25, 1.75, 0.75], "texture": "#0"}
			}
		},
		{
			"name": "voxel",
			"from": [2.88, 4.48, 9.6],
			"to": [3.36, 4.64, 11.04],
			"faces": {
				"north": {"uv": [1.25, 0.25, 1.75, 0.75], "texture": "#0"},
				"east": {"uv": [1.25, 0.25, 1.75, 0.75], "texture": "#0"},
				"south": {"uv": [1.25, 0.25, 1.75, 0.75], "texture": "#0"},
				"west": {"uv": [1.25, 0.25, 1.75, 0.75], "texture": "#0"},
				"up": {"uv": [1.25, 0.25, 1.75, 0.75], "texture": "#0"},
				"down": {"uv": [1.25, 0.25, 1.75, 0.75], "texture": "#0"}
			}
		},
		{
			"name": "voxel",
			"from": [3.36, 4, 9.6],
			"to": [3.52, 4.48, 11.04],
			"faces": {
				"north": {"uv": [1.25, 0.25, 1.75, 0.75], "texture": "#0"},
				"east": {"uv": [1.25, 0.25, 1.75, 0.75], "texture": "#0"},
				"south": {"uv": [1.25, 0.25, 1.75, 0.75], "texture": "#0"},
				"west": {"uv": [1.25, 0.25, 1.75, 0.75], "texture": "#0"},
				"up": {"uv": [1.25, 0.25, 1.75, 0.75], "texture": "#0"},
				"down": {"uv": [1.25, 0.25, 1.75, 0.75], "texture": "#0"}
			}
		},
		{
			"name": "voxel",
			"from": [2.88, 3.84, 9.6],
			"to": [3.36, 4, 11.04],
			"faces": {
				"north": {"uv": [1.25, 0.25, 1.75, 0.75], "texture": "#0"},
				"east": {"uv": [1.25, 0.25, 1.75, 0.75], "texture": "#0"},
				"south": {"uv": [1.25, 0.25, 1.75, 0.75], "texture": "#0"},
				"west": {"uv": [1.25, 0.25, 1.75, 0.75], "texture": "#0"},
				"up": {"uv": [1.25, 0.25, 1.75, 0.75], "texture": "#0"},
				"down": {"uv": [1.25, 0.25, 1.75, 0.75], "texture": "#0"}
			}
		},
		{
			"name": "voxel",
			"from": [3.04, 4.64, 7.84],
			"to": [3.2, 4.8, 8.16],
			"faces": {
				"north": {"uv": [3.25, 0.25, 3.75, 0.75], "texture": "#0"},
				"east": {"uv": [3.25, 0.25, 3.75, 0.75], "texture": "#0"},
				"south": {"uv": [3.25, 0.25, 3.75, 0.75], "texture": "#0"},
				"west": {"uv": [3.25, 0.25, 3.75, 0.75], "texture": "#0"},
				"up": {"uv": [3.25, 0.25, 3.75, 0.75], "texture": "#0"},
				"down": {"uv": [3.25, 0.25, 3.75, 0.75], "texture": "#0"}
			}
		},
		{
			"name": "voxel",
			"from": [2.56, 4.16, 7.84],
			"to": [2.72, 4.32, 8.16],
			"faces": {
				"north": {"uv": [3.25, 0.25, 3.75, 0.75], "texture": "#0"},
				"east": {"uv": [3.25, 0.25, 3.75, 0.75], "texture": "#0"},
				"south": {"uv": [3.25, 0.25, 3.75, 0.75], "texture": "#0"},
				"west": {"uv": [3.25, 0.25, 3.75, 0.75], "texture": "#0"},
				"up": {"uv": [3.25, 0.25, 3.75, 0.75], "texture": "#0"},
				"down": {"uv": [3.25, 0.25, 3.75, 0.75], "texture": "#0"}
			}
		},
		{
			"name": "voxel",
			"from": [2.72, 3.84, 6.56],
			"to": [2.88, 4, 7.2],
			"faces": {
				"north": {"uv": [1.25, 0.25, 1.75, 0.75], "texture": "#0"},
				"east": {"uv": [1.25, 0.25, 1.75, 0.75], "texture": "#0"},
				"south": {"uv": [1.25, 0.25, 1.75, 0.75], "texture": "#0"},
				"west": {"uv": [1.25, 0.25, 1.75, 0.75], "texture": "#0"},
				"up": {"uv": [1.25, 0.25, 1.75, 0.75], "texture": "#0"},
				"down": {"uv": [1.25, 0.25, 1.75, 0.75], "texture": "#0"}
			}
		},
		{
			"name": "voxel",
			"from": [3.36, 3.84, 6.56],
			"to": [3.52, 4, 7.2],
			"faces": {
				"north": {"uv": [1.25, 0.25, 1.75, 0.75], "texture": "#0"},
				"east": {"uv": [1.25, 0.25, 1.75, 0.75], "texture": "#0"},
				"south": {"uv": [1.25, 0.25, 1.75, 0.75], "texture": "#0"},
				"west": {"uv": [1.25, 0.25, 1.75, 0.75], "texture": "#0"},
				"up": {"uv": [1.25, 0.25, 1.75, 0.75], "texture": "#0"},
				"down": {"uv": [1.25, 0.25, 1.75, 0.75], "texture": "#0"}
			}
		},
		{
			"name": "voxel",
			"from": [3.36, 4.48, 6.56],
			"to": [3.52, 4.64, 7.2],
			"faces": {
				"north": {"uv": [1.25, 0.25, 1.75, 0.75], "texture": "#0"},
				"east": {"uv": [1.25, 0.25, 1.75, 0.75], "texture": "#0"},
				"south": {"uv": [1.25, 0.25, 1.75, 0.75], "texture": "#0"},
				"west": {"uv": [1.25, 0.25, 1.75, 0.75], "texture": "#0"},
				"up": {"uv": [1.25, 0.25, 1.75, 0.75], "texture": "#0"},
				"down": {"uv": [1.25, 0.25, 1.75, 0.75], "texture": "#0"}
			}
		},
		{
			"name": "voxel",
			"from": [2.72, 4.48, 6.56],
			"to": [2.88, 4.64, 7.2],
			"faces": {
				"north": {"uv": [1.25, 0.25, 1.75, 0.75], "texture": "#0"},
				"east": {"uv": [1.25, 0.25, 1.75, 0.75], "texture": "#0"},
				"south": {"uv": [1.25, 0.25, 1.75, 0.75], "texture": "#0"},
				"west": {"uv": [1.25, 0.25, 1.75, 0.75], "texture": "#0"},
				"up": {"uv": [1.25, 0.25, 1.75, 0.75], "texture": "#0"},
				"down": {"uv": [1.25, 0.25, 1.75, 0.75], "texture": "#0"}
			}
		},
		{
			"name": "voxel",
			"from": [2.88, 3.84, 6.56],
			"to": [3.36, 4, 7.52],
			"faces": {
				"north": {"uv": [1.25, 0.25, 1.75, 0.75], "texture": "#0"},
				"east": {"uv": [1.25, 0.25, 1.75, 0.75], "texture": "#0"},
				"south": {"uv": [1.25, 0.25, 1.75, 0.75], "texture": "#0"},
				"west": {"uv": [1.25, 0.25, 1.75, 0.75], "texture": "#0"},
				"up": {"uv": [1.25, 0.25, 1.75, 0.75], "texture": "#0"},
				"down": {"uv": [1.25, 0.25, 1.75, 0.75], "texture": "#0"}
			}
		},
		{
			"name": "voxel",
			"from": [2.88, 4.48, 9.12],
			"to": [3.36, 4.64, 9.6],
			"faces": {
				"north": {"uv": [0.25, 0.25, 0.75, 0.75], "texture": "#0"},
				"east": {"uv": [0.25, 0.25, 0.75, 0.75], "texture": "#0"},
				"south": {"uv": [0.25, 0.25, 0.75, 0.75], "texture": "#0"},
				"west": {"uv": [0.25, 0.25, 0.75, 0.75], "texture": "#0"},
				"up": {"uv": [0.25, 0.25, 0.75, 0.75], "texture": "#0"},
				"down": {"uv": [0.25, 0.25, 0.75, 0.75], "texture": "#0"}
			}
		},
		{
			"name": "voxel",
			"from": [2.88, 4.48, 6.56],
			"to": [3.36, 4.64, 9.12],
			"faces": {
				"north": {"uv": [1.25, 0.25, 1.75, 0.75], "texture": "#0"},
				"east": {"uv": [1.25, 0.25, 1.75, 0.75], "texture": "#0"},
				"south": {"uv": [1.25, 0.25, 1.75, 0.75], "texture": "#0"},
				"west": {"uv": [1.25, 0.25, 1.75, 0.75], "texture": "#0"},
				"up": {"uv": [1.25, 0.25, 1.75, 0.75], "texture": "#0"},
				"down": {"uv": [1.25, 0.25, 1.75, 0.75], "texture": "#0"}
			}
		},
		{
			"name": "voxel",
			"from": [3.36, 4, 6.56],
			"to": [3.52, 4.48, 9.12],
			"faces": {
				"north": {"uv": [1.25, 0.25, 1.75, 0.75], "texture": "#0"},
				"east": {"uv": [1.25, 0.25, 1.75, 0.75], "texture": "#0"},
				"south": {"uv": [1.25, 0.25, 1.75, 0.75], "texture": "#0"},
				"west": {"uv": [1.25, 0.25, 1.75, 0.75], "texture": "#0"},
				"up": {"uv": [1.25, 0.25, 1.75, 0.75], "texture": "#0"},
				"down": {"uv": [1.25, 0.25, 1.75, 0.75], "texture": "#0"}
			}
		},
		{
			"name": "voxel",
			"from": [3.36, 4, 9.12],
			"to": [3.52, 4.48, 9.6],
			"faces": {
				"north": {"uv": [0.25, 0.25, 0.75, 0.75], "texture": "#0"},
				"east": {"uv": [0.25, 0.25, 0.75, 0.75], "texture": "#0"},
				"south": {"uv": [0.25, 0.25, 0.75, 0.75], "texture": "#0"},
				"west": {"uv": [0.25, 0.25, 0.75, 0.75], "texture": "#0"},
				"up": {"uv": [0.25, 0.25, 0.75, 0.75], "texture": "#0"},
				"down": {"uv": [0.25, 0.25, 0.75, 0.75], "texture": "#0"}
			}
		},
		{
			"name": "voxel",
			"from": [2.72, 4, 9.12],
			"to": [2.88, 4.48, 9.6],
			"faces": {
				"north": {"uv": [0.25, 0.25, 0.75, 0.75], "texture": "#0"},
				"east": {"uv": [0.25, 0.25, 0.75, 0.75], "texture": "#0"},
				"south": {"uv": [0.25, 0.25, 0.75, 0.75], "texture": "#0"},
				"west": {"uv": [0.25, 0.25, 0.75, 0.75], "texture": "#0"},
				"up": {"uv": [0.25, 0.25, 0.75, 0.75], "texture": "#0"},
				"down": {"uv": [0.25, 0.25, 0.75, 0.75], "texture": "#0"}
			}
		},
		{
			"name": "voxel",
			"from": [2.72, 4, 6.56],
			"to": [2.88, 4.48, 9.12],
			"faces": {
				"north": {"uv": [1.25, 0.25, 1.75, 0.75], "texture": "#0"},
				"east": {"uv": [1.25, 0.25, 1.75, 0.75], "texture": "#0"},
				"south": {"uv": [1.25, 0.25, 1.75, 0.75], "texture": "#0"},
				"west": {"uv": [1.25, 0.25, 1.75, 0.75], "texture": "#0"},
				"up": {"uv": [1.25, 0.25, 1.75, 0.75], "texture": "#0"},
				"down": {"uv": [1.25, 0.25, 1.75, 0.75], "texture": "#0"}
			}
		},
		{
			"name": "voxel",
			"from": [2.88, 3.84, 9.12],
			"to": [3.36, 4, 9.6],
			"faces": {
				"north": {"uv": [0.25, 0.25, 0.75, 0.75], "texture": "#0"},
				"east": {"uv": [0.25, 0.25, 0.75, 0.75], "texture": "#0"},
				"south": {"uv": [0.25, 0.25, 0.75, 0.75], "texture": "#0"},
				"west": {"uv": [0.25, 0.25, 0.75, 0.75], "texture": "#0"},
				"up": {"uv": [0.25, 0.25, 0.75, 0.75], "texture": "#0"},
				"down": {"uv": [0.25, 0.25, 0.75, 0.75], "texture": "#0"}
			}
		},
		{
			"name": "voxel",
			"from": [2.88, 3.84, 8.48],
			"to": [3.36, 4, 9.12],
			"faces": {
				"north": {"uv": [1.25, 0.25, 1.75, 0.75], "texture": "#0"},
				"east": {"uv": [1.25, 0.25, 1.75, 0.75], "texture": "#0"},
				"south": {"uv": [1.25, 0.25, 1.75, 0.75], "texture": "#0"},
				"west": {"uv": [1.25, 0.25, 1.75, 0.75], "texture": "#0"},
				"up": {"uv": [1.25, 0.25, 1.75, 0.75], "texture": "#0"},
				"down": {"uv": [1.25, 0.25, 1.75, 0.75], "texture": "#0"}
			}
		},
		{
			"name": "voxel",
			"from": [3.04, 3.52, 8.48],
			"to": [3.2, 3.68, 8.64],
			"faces": {
				"north": {"uv": [1.25, 0.25, 1.75, 0.75], "texture": "#0"},
				"east": {"uv": [1.25, 0.25, 1.75, 0.75], "texture": "#0"},
				"south": {"uv": [1.25, 0.25, 1.75, 0.75], "texture": "#0"},
				"west": {"uv": [1.25, 0.25, 1.75, 0.75], "texture": "#0"},
				"up": {"uv": [1.25, 0.25, 1.75, 0.75], "texture": "#0"},
				"down": {"uv": [1.25, 0.25, 1.75, 0.75], "texture": "#0"}
			}
		},
		{
			"name": "voxel",
			"from": [2.88, 3.52, 7.52],
			"to": [3.36, 4, 8.48],
			"faces": {
				"north": {"uv": [1.25, 0.25, 1.75, 0.75], "texture": "#0"},
				"east": {"uv": [1.25, 0.25, 1.75, 0.75], "texture": "#0"},
				"south": {"uv": [1.25, 0.25, 1.75, 0.75], "texture": "#0"},
				"west": {"uv": [1.25, 0.25, 1.75, 0.75], "texture": "#0"},
				"up": {"uv": [1.25, 0.25, 1.75, 0.75], "texture": "#0"},
				"down": {"uv": [1.25, 0.25, 1.75, 0.75], "texture": "#0"}
			}
		},
		{
			"name": "voxel",
			"from": [2.72, 3.36, 7.36],
			"to": [3.52, 3.52, 8.48],
			"faces": {
				"north": {"uv": [1.25, 0.25, 1.75, 0.75], "texture": "#0"},
				"east": {"uv": [1.25, 0.25, 1.75, 0.75], "texture": "#0"},
				"south": {"uv": [1.25, 0.25, 1.75, 0.75], "texture": "#0"},
				"west": {"uv": [1.25, 0.25, 1.75, 0.75], "texture": "#0"},
				"up": {"uv": [1.25, 0.25, 1.75, 0.75], "texture": "#0"},
				"down": {"uv": [1.25, 0.25, 1.75, 0.75], "texture": "#0"}
			}
		},
		{
			"name": "voxel",
			"from": [2.88, 3.36, 9.28],
			"to": [3.36, 3.52, 9.92],
			"faces": {
				"north": {"uv": [1.25, 0.25, 1.75, 0.75], "texture": "#0"},
				"east": {"uv": [1.25, 0.25, 1.75, 0.75], "texture": "#0"},
				"south": {"uv": [1.25, 0.25, 1.75, 0.75], "texture": "#0"},
				"west": {"uv": [1.25, 0.25, 1.75, 0.75], "texture": "#0"},
				"up": {"uv": [1.25, 0.25, 1.75, 0.75], "texture": "#0"},
				"down": {"uv": [1.25, 0.25, 1.75, 0.75], "texture": "#0"}
			}
		},
		{
			"name": "voxel",
			"from": [3.36, 3.2, 7.36],
			"to": [3.52, 3.36, 9.76],
			"faces": {
				"north": {"uv": [1.25, 0.25, 1.75, 0.75], "texture": "#0"},
				"east": {"uv": [1.25, 0.25, 1.75, 0.75], "texture": "#0"},
				"south": {"uv": [1.25, 0.25, 1.75, 0.75], "texture": "#0"},
				"west": {"uv": [1.25, 0.25, 1.75, 0.75], "texture": "#0"},
				"up": {"uv": [1.25, 0.25, 1.75, 0.75], "texture": "#0"},
				"down": {"uv": [1.25, 0.25, 1.75, 0.75], "texture": "#0"}
			}
		},
		{
			"name": "voxel",
			"from": [2.72, 3.2, 7.36],
			"to": [2.88, 3.36, 9.76],
			"faces": {
				"north": {"uv": [1.25, 0.25, 1.75, 0.75], "texture": "#0"},
				"east": {"uv": [1.25, 0.25, 1.75, 0.75], "texture": "#0"},
				"south": {"uv": [1.25, 0.25, 1.75, 0.75], "texture": "#0"},
				"west": {"uv": [1.25, 0.25, 1.75, 0.75], "texture": "#0"},
				"up": {"uv": [1.25, 0.25, 1.75, 0.75], "texture": "#0"},
				"down": {"uv": [1.25, 0.25, 1.75, 0.75], "texture": "#0"}
			}
		},
		{
			"name": "voxel",
			"from": [3.52, 2.24, 3.2],
			"to": [3.68, 2.56, 3.52],
			"faces": {
				"north": {"uv": [0.25, 0.25, 0.75, 0.75], "texture": "#0"},
				"east": {"uv": [0.25, 0.25, 0.75, 0.75], "texture": "#0"},
				"south": {"uv": [0.25, 0.25, 0.75, 0.75], "texture": "#0"},
				"west": {"uv": [0.25, 0.25, 0.75, 0.75], "texture": "#0"},
				"up": {"uv": [0.25, 0.25, 0.75, 0.75], "texture": "#0"},
				"down": {"uv": [0.25, 0.25, 0.75, 0.75], "texture": "#0"}
			}
		},
		{
			"name": "voxel",
			"from": [2.56, 2.24, 3.2],
			"to": [2.72, 2.56, 3.52],
			"faces": {
				"north": {"uv": [0.25, 0.25, 0.75, 0.75], "texture": "#0"},
				"east": {"uv": [0.25, 0.25, 0.75, 0.75], "texture": "#0"},
				"south": {"uv": [0.25, 0.25, 0.75, 0.75], "texture": "#0"},
				"west": {"uv": [0.25, 0.25, 0.75, 0.75], "texture": "#0"},
				"up": {"uv": [0.25, 0.25, 0.75, 0.75], "texture": "#0"},
				"down": {"uv": [0.25, 0.25, 0.75, 0.75], "texture": "#0"}
			}
		},
		{
			"name": "voxel",
			"from": [3.36, 2.88, 3.36],
			"to": [3.52, 3.2, 3.68],
			"faces": {
				"north": {"uv": [0.25, 0.25, 0.75, 0.75], "texture": "#0"},
				"east": {"uv": [0.25, 0.25, 0.75, 0.75], "texture": "#0"},
				"south": {"uv": [0.25, 0.25, 0.75, 0.75], "texture": "#0"},
				"west": {"uv": [0.25, 0.25, 0.75, 0.75], "texture": "#0"},
				"up": {"uv": [0.25, 0.25, 0.75, 0.75], "texture": "#0"},
				"down": {"uv": [0.25, 0.25, 0.75, 0.75], "texture": "#0"}
			}
		},
		{
			"name": "voxel",
			"from": [2.72, 2.88, 3.36],
			"to": [2.88, 3.2, 3.68],
			"faces": {
				"north": {"uv": [0.25, 0.25, 0.75, 0.75], "texture": "#0"},
				"east": {"uv": [0.25, 0.25, 0.75, 0.75], "texture": "#0"},
				"south": {"uv": [0.25, 0.25, 0.75, 0.75], "texture": "#0"},
				"west": {"uv": [0.25, 0.25, 0.75, 0.75], "texture": "#0"},
				"up": {"uv": [0.25, 0.25, 0.75, 0.75], "texture": "#0"},
				"down": {"uv": [0.25, 0.25, 0.75, 0.75], "texture": "#0"}
			}
		},
		{
			"name": "voxel",
			"from": [3.52, 2.24, 3.52],
			"to": [3.68, 2.56, 3.84],
			"faces": {
				"north": {"uv": [1.25, 0.25, 1.75, 0.75], "texture": "#0"},
				"east": {"uv": [1.25, 0.25, 1.75, 0.75], "texture": "#0"},
				"south": {"uv": [1.25, 0.25, 1.75, 0.75], "texture": "#0"},
				"west": {"uv": [1.25, 0.25, 1.75, 0.75], "texture": "#0"},
				"up": {"uv": [1.25, 0.25, 1.75, 0.75], "texture": "#0"},
				"down": {"uv": [1.25, 0.25, 1.75, 0.75], "texture": "#0"}
			}
		},
		{
			"name": "voxel",
			"from": [2.56, 2.24, 3.52],
			"to": [2.72, 2.56, 3.84],
			"faces": {
				"north": {"uv": [1.25, 0.25, 1.75, 0.75], "texture": "#0"},
				"east": {"uv": [1.25, 0.25, 1.75, 0.75], "texture": "#0"},
				"south": {"uv": [1.25, 0.25, 1.75, 0.75], "texture": "#0"},
				"west": {"uv": [1.25, 0.25, 1.75, 0.75], "texture": "#0"},
				"up": {"uv": [1.25, 0.25, 1.75, 0.75], "texture": "#0"},
				"down": {"uv": [1.25, 0.25, 1.75, 0.75], "texture": "#0"}
			}
		},
		{
			"name": "voxel",
			"from": [3.52, 2.24, 3.84],
			"to": [3.68, 2.56, 4],
			"faces": {
				"north": {"uv": [0.25, 0.25, 0.75, 0.75], "texture": "#0"},
				"east": {"uv": [0.25, 0.25, 0.75, 0.75], "texture": "#0"},
				"south": {"uv": [0.25, 0.25, 0.75, 0.75], "texture": "#0"},
				"west": {"uv": [0.25, 0.25, 0.75, 0.75], "texture": "#0"},
				"up": {"uv": [0.25, 0.25, 0.75, 0.75], "texture": "#0"},
				"down": {"uv": [0.25, 0.25, 0.75, 0.75], "texture": "#0"}
			}
		},
		{
			"name": "voxel",
			"from": [2.56, 2.24, 3.84],
			"to": [2.72, 2.56, 4],
			"faces": {
				"north": {"uv": [0.25, 0.25, 0.75, 0.75], "texture": "#0"},
				"east": {"uv": [0.25, 0.25, 0.75, 0.75], "texture": "#0"},
				"south": {"uv": [0.25, 0.25, 0.75, 0.75], "texture": "#0"},
				"west": {"uv": [0.25, 0.25, 0.75, 0.75], "texture": "#0"},
				"up": {"uv": [0.25, 0.25, 0.75, 0.75], "texture": "#0"},
				"down": {"uv": [0.25, 0.25, 0.75, 0.75], "texture": "#0"}
			}
		},
		{
			"name": "voxel",
			"from": [3.36, 2.88, 3.84],
			"to": [3.52, 3.2, 4.16],
			"faces": {
				"north": {"uv": [0.25, 0.25, 0.75, 0.75], "texture": "#0"},
				"east": {"uv": [0.25, 0.25, 0.75, 0.75], "texture": "#0"},
				"south": {"uv": [0.25, 0.25, 0.75, 0.75], "texture": "#0"},
				"west": {"uv": [0.25, 0.25, 0.75, 0.75], "texture": "#0"},
				"up": {"uv": [0.25, 0.25, 0.75, 0.75], "texture": "#0"},
				"down": {"uv": [0.25, 0.25, 0.75, 0.75], "texture": "#0"}
			}
		},
		{
			"name": "voxel",
			"from": [2.72, 2.88, 3.84],
			"to": [2.88, 3.2, 4.16],
			"faces": {
				"north": {"uv": [0.25, 0.25, 0.75, 0.75], "texture": "#0"},
				"east": {"uv": [0.25, 0.25, 0.75, 0.75], "texture": "#0"},
				"south": {"uv": [0.25, 0.25, 0.75, 0.75], "texture": "#0"},
				"west": {"uv": [0.25, 0.25, 0.75, 0.75], "texture": "#0"},
				"up": {"uv": [0.25, 0.25, 0.75, 0.75], "texture": "#0"},
				"down": {"uv": [0.25, 0.25, 0.75, 0.75], "texture": "#0"}
			}
		},
		{
			"name": "voxel",
			"from": [3.52, 2.24, 4],
			"to": [3.68, 2.56, 4.32],
			"faces": {
				"north": {"uv": [1.25, 0.25, 1.75, 0.75], "texture": "#0"},
				"east": {"uv": [1.25, 0.25, 1.75, 0.75], "texture": "#0"},
				"south": {"uv": [1.25, 0.25, 1.75, 0.75], "texture": "#0"},
				"west": {"uv": [1.25, 0.25, 1.75, 0.75], "texture": "#0"},
				"up": {"uv": [1.25, 0.25, 1.75, 0.75], "texture": "#0"},
				"down": {"uv": [1.25, 0.25, 1.75, 0.75], "texture": "#0"}
			}
		},
		{
			"name": "voxel",
			"from": [2.56, 2.24, 4],
			"to": [2.72, 2.56, 4.32],
			"faces": {
				"north": {"uv": [1.25, 0.25, 1.75, 0.75], "texture": "#0"},
				"east": {"uv": [1.25, 0.25, 1.75, 0.75], "texture": "#0"},
				"south": {"uv": [1.25, 0.25, 1.75, 0.75], "texture": "#0"},
				"west": {"uv": [1.25, 0.25, 1.75, 0.75], "texture": "#0"},
				"up": {"uv": [1.25, 0.25, 1.75, 0.75], "texture": "#0"},
				"down": {"uv": [1.25, 0.25, 1.75, 0.75], "texture": "#0"}
			}
		},
		{
			"name": "voxel",
			"from": [3.52, 2.24, 4.32],
			"to": [3.68, 2.56, 4.48],
			"faces": {
				"north": {"uv": [0.25, 0.25, 0.75, 0.75], "texture": "#0"},
				"east": {"uv": [0.25, 0.25, 0.75, 0.75], "texture": "#0"},
				"south": {"uv": [0.25, 0.25, 0.75, 0.75], "texture": "#0"},
				"west": {"uv": [0.25, 0.25, 0.75, 0.75], "texture": "#0"},
				"up": {"uv": [0.25, 0.25, 0.75, 0.75], "texture": "#0"},
				"down": {"uv": [0.25, 0.25, 0.75, 0.75], "texture": "#0"}
			}
		},
		{
			"name": "voxel",
			"from": [2.56, 2.24, 4.32],
			"to": [2.72, 2.56, 4.48],
			"faces": {
				"north": {"uv": [0.25, 0.25, 0.75, 0.75], "texture": "#0"},
				"east": {"uv": [0.25, 0.25, 0.75, 0.75], "texture": "#0"},
				"south": {"uv": [0.25, 0.25, 0.75, 0.75], "texture": "#0"},
				"west": {"uv": [0.25, 0.25, 0.75, 0.75], "texture": "#0"},
				"up": {"uv": [0.25, 0.25, 0.75, 0.75], "texture": "#0"},
				"down": {"uv": [0.25, 0.25, 0.75, 0.75], "texture": "#0"}
			}
		},
		{
			"name": "voxel",
			"from": [3.36, 2.88, 4.32],
			"to": [3.52, 3.2, 4.64],
			"faces": {
				"north": {"uv": [0.25, 0.25, 0.75, 0.75], "texture": "#0"},
				"east": {"uv": [0.25, 0.25, 0.75, 0.75], "texture": "#0"},
				"south": {"uv": [0.25, 0.25, 0.75, 0.75], "texture": "#0"},
				"west": {"uv": [0.25, 0.25, 0.75, 0.75], "texture": "#0"},
				"up": {"uv": [0.25, 0.25, 0.75, 0.75], "texture": "#0"},
				"down": {"uv": [0.25, 0.25, 0.75, 0.75], "texture": "#0"}
			}
		},
		{
			"name": "voxel",
			"from": [2.72, 2.88, 4.32],
			"to": [2.88, 3.2, 4.64],
			"faces": {
				"north": {"uv": [0.25, 0.25, 0.75, 0.75], "texture": "#0"},
				"east": {"uv": [0.25, 0.25, 0.75, 0.75], "texture": "#0"},
				"south": {"uv": [0.25, 0.25, 0.75, 0.75], "texture": "#0"},
				"west": {"uv": [0.25, 0.25, 0.75, 0.75], "texture": "#0"},
				"up": {"uv": [0.25, 0.25, 0.75, 0.75], "texture": "#0"},
				"down": {"uv": [0.25, 0.25, 0.75, 0.75], "texture": "#0"}
			}
		},
		{
			"name": "voxel",
			"from": [3.52, 2.24, 4.48],
			"to": [3.68, 2.56, 4.8],
			"faces": {
				"north": {"uv": [1.25, 0.25, 1.75, 0.75], "texture": "#0"},
				"east": {"uv": [1.25, 0.25, 1.75, 0.75], "texture": "#0"},
				"south": {"uv": [1.25, 0.25, 1.75, 0.75], "texture": "#0"},
				"west": {"uv": [1.25, 0.25, 1.75, 0.75], "texture": "#0"},
				"up": {"uv": [1.25, 0.25, 1.75, 0.75], "texture": "#0"},
				"down": {"uv": [1.25, 0.25, 1.75, 0.75], "texture": "#0"}
			}
		},
		{
			"name": "voxel",
			"from": [2.56, 2.24, 4.48],
			"to": [2.72, 2.56, 4.8],
			"faces": {
				"north": {"uv": [1.25, 0.25, 1.75, 0.75], "texture": "#0"},
				"east": {"uv": [1.25, 0.25, 1.75, 0.75], "texture": "#0"},
				"south": {"uv": [1.25, 0.25, 1.75, 0.75], "texture": "#0"},
				"west": {"uv": [1.25, 0.25, 1.75, 0.75], "texture": "#0"},
				"up": {"uv": [1.25, 0.25, 1.75, 0.75], "texture": "#0"},
				"down": {"uv": [1.25, 0.25, 1.75, 0.75], "texture": "#0"}
			}
		},
		{
			"name": "voxel",
			"from": [3.52, 2.24, 4.8],
			"to": [3.68, 2.56, 4.96],
			"faces": {
				"north": {"uv": [0.25, 0.25, 0.75, 0.75], "texture": "#0"},
				"east": {"uv": [0.25, 0.25, 0.75, 0.75], "texture": "#0"},
				"south": {"uv": [0.25, 0.25, 0.75, 0.75], "texture": "#0"},
				"west": {"uv": [0.25, 0.25, 0.75, 0.75], "texture": "#0"},
				"up": {"uv": [0.25, 0.25, 0.75, 0.75], "texture": "#0"},
				"down": {"uv": [0.25, 0.25, 0.75, 0.75], "texture": "#0"}
			}
		},
		{
			"name": "voxel",
			"from": [2.56, 2.24, 4.8],
			"to": [2.72, 2.56, 4.96],
			"faces": {
				"north": {"uv": [0.25, 0.25, 0.75, 0.75], "texture": "#0"},
				"east": {"uv": [0.25, 0.25, 0.75, 0.75], "texture": "#0"},
				"south": {"uv": [0.25, 0.25, 0.75, 0.75], "texture": "#0"},
				"west": {"uv": [0.25, 0.25, 0.75, 0.75], "texture": "#0"},
				"up": {"uv": [0.25, 0.25, 0.75, 0.75], "texture": "#0"},
				"down": {"uv": [0.25, 0.25, 0.75, 0.75], "texture": "#0"}
			}
		},
		{
			"name": "voxel",
			"from": [3.36, 2.88, 4.8],
			"to": [3.52, 3.2, 5.12],
			"faces": {
				"north": {"uv": [0.25, 0.25, 0.75, 0.75], "texture": "#0"},
				"east": {"uv": [0.25, 0.25, 0.75, 0.75], "texture": "#0"},
				"south": {"uv": [0.25, 0.25, 0.75, 0.75], "texture": "#0"},
				"west": {"uv": [0.25, 0.25, 0.75, 0.75], "texture": "#0"},
				"up": {"uv": [0.25, 0.25, 0.75, 0.75], "texture": "#0"},
				"down": {"uv": [0.25, 0.25, 0.75, 0.75], "texture": "#0"}
			}
		},
		{
			"name": "voxel",
			"from": [2.72, 2.88, 4.8],
			"to": [2.88, 3.2, 5.12],
			"faces": {
				"north": {"uv": [0.25, 0.25, 0.75, 0.75], "texture": "#0"},
				"east": {"uv": [0.25, 0.25, 0.75, 0.75], "texture": "#0"},
				"south": {"uv": [0.25, 0.25, 0.75, 0.75], "texture": "#0"},
				"west": {"uv": [0.25, 0.25, 0.75, 0.75], "texture": "#0"},
				"up": {"uv": [0.25, 0.25, 0.75, 0.75], "texture": "#0"},
				"down": {"uv": [0.25, 0.25, 0.75, 0.75], "texture": "#0"}
			}
		},
		{
			"name": "voxel",
			"from": [3.52, 2.24, 4.96],
			"to": [3.68, 2.56, 5.28],
			"faces": {
				"north": {"uv": [1.25, 0.25, 1.75, 0.75], "texture": "#0"},
				"east": {"uv": [1.25, 0.25, 1.75, 0.75], "texture": "#0"},
				"south": {"uv": [1.25, 0.25, 1.75, 0.75], "texture": "#0"},
				"west": {"uv": [1.25, 0.25, 1.75, 0.75], "texture": "#0"},
				"up": {"uv": [1.25, 0.25, 1.75, 0.75], "texture": "#0"},
				"down": {"uv": [1.25, 0.25, 1.75, 0.75], "texture": "#0"}
			}
		},
		{
			"name": "voxel",
			"from": [2.56, 2.24, 4.96],
			"to": [2.72, 2.56, 5.28],
			"faces": {
				"north": {"uv": [1.25, 0.25, 1.75, 0.75], "texture": "#0"},
				"east": {"uv": [1.25, 0.25, 1.75, 0.75], "texture": "#0"},
				"south": {"uv": [1.25, 0.25, 1.75, 0.75], "texture": "#0"},
				"west": {"uv": [1.25, 0.25, 1.75, 0.75], "texture": "#0"},
				"up": {"uv": [1.25, 0.25, 1.75, 0.75], "texture": "#0"},
				"down": {"uv": [1.25, 0.25, 1.75, 0.75], "texture": "#0"}
			}
		},
		{
			"name": "voxel",
			"from": [2.88, 2.72, 0],
			"to": [3.04, 2.88, 0.8],
			"faces": {
				"north": {"uv": [1.25, 0.25, 1.75, 0.75], "texture": "#0"},
				"east": {"uv": [1.25, 0.25, 1.75, 0.75], "texture": "#0"},
				"south": {"uv": [1.25, 0.25, 1.75, 0.75], "texture": "#0"},
				"west": {"uv": [1.25, 0.25, 1.75, 0.75], "texture": "#0"},
				"up": {"uv": [1.25, 0.25, 1.75, 0.75], "texture": "#0"},
				"down": {"uv": [1.25, 0.25, 1.75, 0.75], "texture": "#0"}
			}
		},
		{
			"name": "voxel",
			"from": [3.52, 2.24, 5.28],
			"to": [3.68, 2.56, 5.44],
			"faces": {
				"north": {"uv": [0.25, 0.25, 0.75, 0.75], "texture": "#0"},
				"east": {"uv": [0.25, 0.25, 0.75, 0.75], "texture": "#0"},
				"south": {"uv": [0.25, 0.25, 0.75, 0.75], "texture": "#0"},
				"west": {"uv": [0.25, 0.25, 0.75, 0.75], "texture": "#0"},
				"up": {"uv": [0.25, 0.25, 0.75, 0.75], "texture": "#0"},
				"down": {"uv": [0.25, 0.25, 0.75, 0.75], "texture": "#0"}
			}
		},
		{
			"name": "voxel",
			"from": [2.56, 2.24, 5.28],
			"to": [2.72, 2.56, 5.44],
			"faces": {
				"north": {"uv": [0.25, 0.25, 0.75, 0.75], "texture": "#0"},
				"east": {"uv": [0.25, 0.25, 0.75, 0.75], "texture": "#0"},
				"south": {"uv": [0.25, 0.25, 0.75, 0.75], "texture": "#0"},
				"west": {"uv": [0.25, 0.25, 0.75, 0.75], "texture": "#0"},
				"up": {"uv": [0.25, 0.25, 0.75, 0.75], "texture": "#0"},
				"down": {"uv": [0.25, 0.25, 0.75, 0.75], "texture": "#0"}
			}
		},
		{
			"name": "voxel",
			"from": [3.36, 2.88, 5.28],
			"to": [3.52, 3.2, 5.6],
			"faces": {
				"north": {"uv": [0.25, 0.25, 0.75, 0.75], "texture": "#0"},
				"east": {"uv": [0.25, 0.25, 0.75, 0.75], "texture": "#0"},
				"south": {"uv": [0.25, 0.25, 0.75, 0.75], "texture": "#0"},
				"west": {"uv": [0.25, 0.25, 0.75, 0.75], "texture": "#0"},
				"up": {"uv": [0.25, 0.25, 0.75, 0.75], "texture": "#0"},
				"down": {"uv": [0.25, 0.25, 0.75, 0.75], "texture": "#0"}
			}
		},
		{
			"name": "voxel",
			"from": [2.72, 2.88, 5.28],
			"to": [2.88, 3.2, 5.6],
			"faces": {
				"north": {"uv": [0.25, 0.25, 0.75, 0.75], "texture": "#0"},
				"east": {"uv": [0.25, 0.25, 0.75, 0.75], "texture": "#0"},
				"south": {"uv": [0.25, 0.25, 0.75, 0.75], "texture": "#0"},
				"west": {"uv": [0.25, 0.25, 0.75, 0.75], "texture": "#0"},
				"up": {"uv": [0.25, 0.25, 0.75, 0.75], "texture": "#0"},
				"down": {"uv": [0.25, 0.25, 0.75, 0.75], "texture": "#0"}
			}
		},
		{
			"name": "voxel",
			"from": [3.52, 2.24, 5.44],
			"to": [3.68, 2.56, 5.76],
			"faces": {
				"north": {"uv": [1.25, 0.25, 1.75, 0.75], "texture": "#0"},
				"east": {"uv": [1.25, 0.25, 1.75, 0.75], "texture": "#0"},
				"south": {"uv": [1.25, 0.25, 1.75, 0.75], "texture": "#0"},
				"west": {"uv": [1.25, 0.25, 1.75, 0.75], "texture": "#0"},
				"up": {"uv": [1.25, 0.25, 1.75, 0.75], "texture": "#0"},
				"down": {"uv": [1.25, 0.25, 1.75, 0.75], "texture": "#0"}
			}
		},
		{
			"name": "voxel",
			"from": [2.56, 2.24, 5.44],
			"to": [2.72, 2.56, 5.76],
			"faces": {
				"north": {"uv": [1.25, 0.25, 1.75, 0.75], "texture": "#0"},
				"east": {"uv": [1.25, 0.25, 1.75, 0.75], "texture": "#0"},
				"south": {"uv": [1.25, 0.25, 1.75, 0.75], "texture": "#0"},
				"west": {"uv": [1.25, 0.25, 1.75, 0.75], "texture": "#0"},
				"up": {"uv": [1.25, 0.25, 1.75, 0.75], "texture": "#0"},
				"down": {"uv": [1.25, 0.25, 1.75, 0.75], "texture": "#0"}
			}
		},
		{
			"name": "voxel",
			"from": [2.88, 2.4, 0],
			"to": [3.04, 2.56, 0.8],
			"faces": {
				"north": {"uv": [1.25, 0.25, 1.75, 0.75], "texture": "#0"},
				"east": {"uv": [1.25, 0.25, 1.75, 0.75], "texture": "#0"},
				"south": {"uv": [1.25, 0.25, 1.75, 0.75], "texture": "#0"},
				"west": {"uv": [1.25, 0.25, 1.75, 0.75], "texture": "#0"},
				"up": {"uv": [1.25, 0.25, 1.75, 0.75], "texture": "#0"},
				"down": {"uv": [1.25, 0.25, 1.75, 0.75], "texture": "#0"}
			}
		},
		{
			"name": "voxel",
			"from": [3.52, 2.24, 5.76],
			"to": [3.68, 2.56, 5.92],
			"faces": {
				"north": {"uv": [0.25, 0.25, 0.75, 0.75], "texture": "#0"},
				"east": {"uv": [0.25, 0.25, 0.75, 0.75], "texture": "#0"},
				"south": {"uv": [0.25, 0.25, 0.75, 0.75], "texture": "#0"},
				"west": {"uv": [0.25, 0.25, 0.75, 0.75], "texture": "#0"},
				"up": {"uv": [0.25, 0.25, 0.75, 0.75], "texture": "#0"},
				"down": {"uv": [0.25, 0.25, 0.75, 0.75], "texture": "#0"}
			}
		},
		{
			"name": "voxel",
			"from": [2.56, 2.24, 5.76],
			"to": [2.72, 2.56, 5.92],
			"faces": {
				"north": {"uv": [0.25, 0.25, 0.75, 0.75], "texture": "#0"},
				"east": {"uv": [0.25, 0.25, 0.75, 0.75], "texture": "#0"},
				"south": {"uv": [0.25, 0.25, 0.75, 0.75], "texture": "#0"},
				"west": {"uv": [0.25, 0.25, 0.75, 0.75], "texture": "#0"},
				"up": {"uv": [0.25, 0.25, 0.75, 0.75], "texture": "#0"},
				"down": {"uv": [0.25, 0.25, 0.75, 0.75], "texture": "#0"}
			}
		},
		{
			"name": "voxel",
			"from": [3.36, 2.88, 5.76],
			"to": [3.52, 3.2, 6.08],
			"faces": {
				"north": {"uv": [0.25, 0.25, 0.75, 0.75], "texture": "#0"},
				"east": {"uv": [0.25, 0.25, 0.75, 0.75], "texture": "#0"},
				"south": {"uv": [0.25, 0.25, 0.75, 0.75], "texture": "#0"},
				"west": {"uv": [0.25, 0.25, 0.75, 0.75], "texture": "#0"},
				"up": {"uv": [0.25, 0.25, 0.75, 0.75], "texture": "#0"},
				"down": {"uv": [0.25, 0.25, 0.75, 0.75], "texture": "#0"}
			}
		},
		{
			"name": "voxel",
			"from": [2.72, 2.88, 5.76],
			"to": [2.88, 3.2, 6.08],
			"faces": {
				"north": {"uv": [0.25, 0.25, 0.75, 0.75], "texture": "#0"},
				"east": {"uv": [0.25, 0.25, 0.75, 0.75], "texture": "#0"},
				"south": {"uv": [0.25, 0.25, 0.75, 0.75], "texture": "#0"},
				"west": {"uv": [0.25, 0.25, 0.75, 0.75], "texture": "#0"},
				"up": {"uv": [0.25, 0.25, 0.75, 0.75], "texture": "#0"},
				"down": {"uv": [0.25, 0.25, 0.75, 0.75], "texture": "#0"}
			}
		},
		{
			"name": "voxel",
			"from": [3.52, 2.24, 5.92],
			"to": [3.68, 2.56, 6.24],
			"faces": {
				"north": {"uv": [1.25, 0.25, 1.75, 0.75], "texture": "#0"},
				"east": {"uv": [1.25, 0.25, 1.75, 0.75], "texture": "#0"},
				"south": {"uv": [1.25, 0.25, 1.75, 0.75], "texture": "#0"},
				"west": {"uv": [1.25, 0.25, 1.75, 0.75], "texture": "#0"},
				"up": {"uv": [1.25, 0.25, 1.75, 0.75], "texture": "#0"},
				"down": {"uv": [1.25, 0.25, 1.75, 0.75], "texture": "#0"}
			}
		},
		{
			"name": "voxel",
			"from": [2.56, 2.24, 5.92],
			"to": [2.72, 2.56, 6.24],
			"faces": {
				"north": {"uv": [1.25, 0.25, 1.75, 0.75], "texture": "#0"},
				"east": {"uv": [1.25, 0.25, 1.75, 0.75], "texture": "#0"},
				"south": {"uv": [1.25, 0.25, 1.75, 0.75], "texture": "#0"},
				"west": {"uv": [1.25, 0.25, 1.75, 0.75], "texture": "#0"},
				"up": {"uv": [1.25, 0.25, 1.75, 0.75], "texture": "#0"},
				"down": {"uv": [1.25, 0.25, 1.75, 0.75], "texture": "#0"}
			}
		},
		{
			"name": "voxel",
			"from": [3.2, 2.72, 0],
			"to": [3.36, 2.88, 0.8],
			"faces": {
				"north": {"uv": [1.25, 0.25, 1.75, 0.75], "texture": "#0"},
				"east": {"uv": [1.25, 0.25, 1.75, 0.75], "texture": "#0"},
				"south": {"uv": [1.25, 0.25, 1.75, 0.75], "texture": "#0"},
				"west": {"uv": [1.25, 0.25, 1.75, 0.75], "texture": "#0"},
				"up": {"uv": [1.25, 0.25, 1.75, 0.75], "texture": "#0"},
				"down": {"uv": [1.25, 0.25, 1.75, 0.75], "texture": "#0"}
			}
		},
		{
			"name": "voxel",
			"from": [3.52, 2.24, 6.24],
			"to": [3.68, 2.56, 6.4],
			"faces": {
				"north": {"uv": [0.25, 0.25, 0.75, 0.75], "texture": "#0"},
				"east": {"uv": [0.25, 0.25, 0.75, 0.75], "texture": "#0"},
				"south": {"uv": [0.25, 0.25, 0.75, 0.75], "texture": "#0"},
				"west": {"uv": [0.25, 0.25, 0.75, 0.75], "texture": "#0"},
				"up": {"uv": [0.25, 0.25, 0.75, 0.75], "texture": "#0"},
				"down": {"uv": [0.25, 0.25, 0.75, 0.75], "texture": "#0"}
			}
		},
		{
			"name": "voxel",
			"from": [2.56, 2.24, 6.24],
			"to": [2.72, 2.56, 6.4],
			"faces": {
				"north": {"uv": [0.25, 0.25, 0.75, 0.75], "texture": "#0"},
				"east": {"uv": [0.25, 0.25, 0.75, 0.75], "texture": "#0"},
				"south": {"uv": [0.25, 0.25, 0.75, 0.75], "texture": "#0"},
				"west": {"uv": [0.25, 0.25, 0.75, 0.75], "texture": "#0"},
				"up": {"uv": [0.25, 0.25, 0.75, 0.75], "texture": "#0"},
				"down": {"uv": [0.25, 0.25, 0.75, 0.75], "texture": "#0"}
			}
		},
		{
			"name": "voxel",
			"from": [3.36, 2.88, 6.24],
			"to": [3.52, 3.2, 6.56],
			"faces": {
				"north": {"uv": [0.25, 0.25, 0.75, 0.75], "texture": "#0"},
				"east": {"uv": [0.25, 0.25, 0.75, 0.75], "texture": "#0"},
				"south": {"uv": [0.25, 0.25, 0.75, 0.75], "texture": "#0"},
				"west": {"uv": [0.25, 0.25, 0.75, 0.75], "texture": "#0"},
				"up": {"uv": [0.25, 0.25, 0.75, 0.75], "texture": "#0"},
				"down": {"uv": [0.25, 0.25, 0.75, 0.75], "texture": "#0"}
			}
		},
		{
			"name": "voxel",
			"from": [2.72, 2.88, 6.24],
			"to": [2.88, 3.2, 6.56],
			"faces": {
				"north": {"uv": [0.25, 0.25, 0.75, 0.75], "texture": "#0"},
				"east": {"uv": [0.25, 0.25, 0.75, 0.75], "texture": "#0"},
				"south": {"uv": [0.25, 0.25, 0.75, 0.75], "texture": "#0"},
				"west": {"uv": [0.25, 0.25, 0.75, 0.75], "texture": "#0"},
				"up": {"uv": [0.25, 0.25, 0.75, 0.75], "texture": "#0"},
				"down": {"uv": [0.25, 0.25, 0.75, 0.75], "texture": "#0"}
			}
		},
		{
			"name": "voxel",
			"from": [3.52, 2.24, 6.4],
			"to": [3.68, 2.56, 6.72],
			"faces": {
				"north": {"uv": [1.25, 0.25, 1.75, 0.75], "texture": "#0"},
				"east": {"uv": [1.25, 0.25, 1.75, 0.75], "texture": "#0"},
				"south": {"uv": [1.25, 0.25, 1.75, 0.75], "texture": "#0"},
				"west": {"uv": [1.25, 0.25, 1.75, 0.75], "texture": "#0"},
				"up": {"uv": [1.25, 0.25, 1.75, 0.75], "texture": "#0"},
				"down": {"uv": [1.25, 0.25, 1.75, 0.75], "texture": "#0"}
			}
		},
		{
			"name": "voxel",
			"from": [2.56, 2.24, 6.4],
			"to": [2.72, 2.56, 6.72],
			"faces": {
				"north": {"uv": [1.25, 0.25, 1.75, 0.75], "texture": "#0"},
				"east": {"uv": [1.25, 0.25, 1.75, 0.75], "texture": "#0"},
				"south": {"uv": [1.25, 0.25, 1.75, 0.75], "texture": "#0"},
				"west": {"uv": [1.25, 0.25, 1.75, 0.75], "texture": "#0"},
				"up": {"uv": [1.25, 0.25, 1.75, 0.75], "texture": "#0"},
				"down": {"uv": [1.25, 0.25, 1.75, 0.75], "texture": "#0"}
			}
		},
		{
			"name": "voxel",
			"from": [2.56, 2.56, 3.2],
			"to": [2.72, 2.72, 6.72],
			"faces": {
				"north": {"uv": [0.25, 0.25, 0.75, 0.75], "texture": "#0"},
				"east": {"uv": [0.25, 0.25, 0.75, 0.75], "texture": "#0"},
				"south": {"uv": [0.25, 0.25, 0.75, 0.75], "texture": "#0"},
				"west": {"uv": [0.25, 0.25, 0.75, 0.75], "texture": "#0"},
				"up": {"uv": [0.25, 0.25, 0.75, 0.75], "texture": "#0"},
				"down": {"uv": [0.25, 0.25, 0.75, 0.75], "texture": "#0"}
			}
		},
		{
			"name": "voxel",
			"from": [3.04, 2.4, 0],
			"to": [3.2, 2.88, 3.2],
			"faces": {
				"north": {"uv": [0.25, 0.25, 0.75, 0.75], "texture": "#0"},
				"east": {"uv": [0.25, 0.25, 0.75, 0.75], "texture": "#0"},
				"south": {"uv": [0.25, 0.25, 0.75, 0.75], "texture": "#0"},
				"west": {"uv": [0.25, 0.25, 0.75, 0.75], "texture": "#0"},
				"up": {"uv": [0.25, 0.25, 0.75, 0.75], "texture": "#0"},
				"down": {"uv": [0.25, 0.25, 0.75, 0.75], "texture": "#0"}
			}
		},
		{
			"name": "voxel",
			"from": [3.52, 2.56, 3.2],
			"to": [3.68, 2.88, 6.72],
			"faces": {
				"north": {"uv": [0.25, 0.25, 0.75, 0.75], "texture": "#0"},
				"east": {"uv": [0.25, 0.25, 0.75, 0.75], "texture": "#0"},
				"south": {"uv": [0.25, 0.25, 0.75, 0.75], "texture": "#0"},
				"west": {"uv": [0.25, 0.25, 0.75, 0.75], "texture": "#0"},
				"up": {"uv": [0.25, 0.25, 0.75, 0.75], "texture": "#0"},
				"down": {"uv": [0.25, 0.25, 0.75, 0.75], "texture": "#0"}
			}
		},
		{
			"name": "voxel",
			"from": [3.2, 2.4, 0],
			"to": [3.36, 2.56, 0.8],
			"faces": {
				"north": {"uv": [1.25, 0.25, 1.75, 0.75], "texture": "#0"},
				"east": {"uv": [1.25, 0.25, 1.75, 0.75], "texture": "#0"},
				"south": {"uv": [1.25, 0.25, 1.75, 0.75], "texture": "#0"},
				"west": {"uv": [1.25, 0.25, 1.75, 0.75], "texture": "#0"},
				"up": {"uv": [1.25, 0.25, 1.75, 0.75], "texture": "#0"},
				"down": {"uv": [1.25, 0.25, 1.75, 0.75], "texture": "#0"}
			}
		},
		{
			"name": "voxel",
			"from": [2.88, 2.88, 3.2],
			"to": [3.04, 3.2, 6.72],
			"faces": {
				"north": {"uv": [0.25, 0.25, 0.75, 0.75], "texture": "#0"},
				"east": {"uv": [0.25, 0.25, 0.75, 0.75], "texture": "#0"},
				"south": {"uv": [0.25, 0.25, 0.75, 0.75], "texture": "#0"},
				"west": {"uv": [0.25, 0.25, 0.75, 0.75], "texture": "#0"},
				"up": {"uv": [0.25, 0.25, 0.75, 0.75], "texture": "#0"},
				"down": {"uv": [0.25, 0.25, 0.75, 0.75], "texture": "#0"}
			}
		},
		{
			"name": "voxel",
			"from": [2.88, 3.2, 3.2],
			"to": [3.36, 3.36, 7.2],
			"faces": {
				"north": {"uv": [0.25, 0.25, 0.75, 0.75], "texture": "#0"},
				"east": {"uv": [0.25, 0.25, 0.75, 0.75], "texture": "#0"},
				"south": {"uv": [0.25, 0.25, 0.75, 0.75], "texture": "#0"},
				"west": {"uv": [0.25, 0.25, 0.75, 0.75], "texture": "#0"},
				"up": {"uv": [0.25, 0.25, 0.75, 0.75], "texture": "#0"},
				"down": {"uv": [0.25, 0.25, 0.75, 0.75], "texture": "#0"}
			}
		},
		{
			"name": "voxel",
			"from": [2.4, 2.72, 7.84],
			"to": [2.88, 2.88, 8.16],
			"faces": {
				"north": {"uv": [1.25, 0.25, 1.75, 0.75], "texture": "#0"},
				"east": {"uv": [1.25, 0.25, 1.75, 0.75], "texture": "#0"},
				"south": {"uv": [1.25, 0.25, 1.75, 0.75], "texture": "#0"},
				"west": {"uv": [1.25, 0.25, 1.75, 0.75], "texture": "#0"},
				"up": {"uv": [1.25, 0.25, 1.75, 0.75], "texture": "#0"},
				"down": {"uv": [1.25, 0.25, 1.75, 0.75], "texture": "#0"}
			}
		},
		{
			"name": "voxel",
			"from": [2.88, 1.6, 8],
			"to": [3.36, 2.08, 8.64],
			"faces": {
				"north": {"uv": [0.25, 0.25, 0.75, 0.75], "texture": "#0"},
				"east": {"uv": [0.25, 0.25, 0.75, 0.75], "texture": "#0"},
				"south": {"uv": [0.25, 0.25, 0.75, 0.75], "texture": "#0"},
				"west": {"uv": [0.25, 0.25, 0.75, 0.75], "texture": "#0"},
				"up": {"uv": [0.25, 0.25, 0.75, 0.75], "texture": "#0"},
				"down": {"uv": [0.25, 0.25, 0.75, 0.75], "texture": "#0"}
			}
		},
		{
			"name": "voxel",
			"from": [3.2, 0.32, 10.56],
			"to": [3.36, 0.64, 10.72],
			"faces": {
				"north": {"uv": [0.25, 0.25, 0.75, 0.75], "texture": "#0"},
				"east": {"uv": [0.25, 0.25, 0.75, 0.75], "texture": "#0"},
				"south": {"uv": [0.25, 0.25, 0.75, 0.75], "texture": "#0"},
				"west": {"uv": [0.25, 0.25, 0.75, 0.75], "texture": "#0"},
				"up": {"uv": [0.25, 0.25, 0.75, 0.75], "texture": "#0"},
				"down": {"uv": [0.25, 0.25, 0.75, 0.75], "texture": "#0"}
			}
		},
		{
			"name": "voxel",
			"from": [3.2, 0.32, 11.2],
			"to": [3.36, 0.64, 11.36],
			"faces": {
				"north": {"uv": [0.25, 0.25, 0.75, 0.75], "texture": "#0"},
				"east": {"uv": [0.25, 0.25, 0.75, 0.75], "texture": "#0"},
				"south": {"uv": [0.25, 0.25, 0.75, 0.75], "texture": "#0"},
				"west": {"uv": [0.25, 0.25, 0.75, 0.75], "texture": "#0"},
				"up": {"uv": [0.25, 0.25, 0.75, 0.75], "texture": "#0"},
				"down": {"uv": [0.25, 0.25, 0.75, 0.75], "texture": "#0"}
			}
		},
		{
			"name": "voxel",
			"from": [3.2, 0.32, 10.88],
			"to": [3.36, 0.64, 11.04],
			"faces": {
				"north": {"uv": [0.25, 0.25, 0.75, 0.75], "texture": "#0"},
				"east": {"uv": [0.25, 0.25, 0.75, 0.75], "texture": "#0"},
				"south": {"uv": [0.25, 0.25, 0.75, 0.75], "texture": "#0"},
				"west": {"uv": [0.25, 0.25, 0.75, 0.75], "texture": "#0"},
				"up": {"uv": [0.25, 0.25, 0.75, 0.75], "texture": "#0"},
				"down": {"uv": [0.25, 0.25, 0.75, 0.75], "texture": "#0"}
			}
		},
		{
			"name": "voxel",
			"from": [2.88, 0.32, 10.56],
			"to": [3.04, 0.64, 10.72],
			"faces": {
				"north": {"uv": [0.25, 0.25, 0.75, 0.75], "texture": "#0"},
				"east": {"uv": [0.25, 0.25, 0.75, 0.75], "texture": "#0"},
				"south": {"uv": [0.25, 0.25, 0.75, 0.75], "texture": "#0"},
				"west": {"uv": [0.25, 0.25, 0.75, 0.75], "texture": "#0"},
				"up": {"uv": [0.25, 0.25, 0.75, 0.75], "texture": "#0"},
				"down": {"uv": [0.25, 0.25, 0.75, 0.75], "texture": "#0"}
			}
		},
		{
			"name": "voxel",
			"from": [2.88, 0.32, 10.88],
			"to": [3.04, 0.64, 11.04],
			"faces": {
				"north": {"uv": [0.25, 0.25, 0.75, 0.75], "texture": "#0"},
				"east": {"uv": [0.25, 0.25, 0.75, 0.75], "texture": "#0"},
				"south": {"uv": [0.25, 0.25, 0.75, 0.75], "texture": "#0"},
				"west": {"uv": [0.25, 0.25, 0.75, 0.75], "texture": "#0"},
				"up": {"uv": [0.25, 0.25, 0.75, 0.75], "texture": "#0"},
				"down": {"uv": [0.25, 0.25, 0.75, 0.75], "texture": "#0"}
			}
		},
		{
			"name": "voxel",
			"from": [2.88, 0.32, 11.2],
			"to": [3.04, 0.64, 11.36],
			"faces": {
				"north": {"uv": [0.25, 0.25, 0.75, 0.75], "texture": "#0"},
				"east": {"uv": [0.25, 0.25, 0.75, 0.75], "texture": "#0"},
				"south": {"uv": [0.25, 0.25, 0.75, 0.75], "texture": "#0"},
				"west": {"uv": [0.25, 0.25, 0.75, 0.75], "texture": "#0"},
				"up": {"uv": [0.25, 0.25, 0.75, 0.75], "texture": "#0"},
				"down": {"uv": [0.25, 0.25, 0.75, 0.75], "texture": "#0"}
			}
		},
		{
			"name": "voxel",
			"from": [2.4, 2.24, 9.28],
			"to": [2.56, 2.56, 9.6],
			"faces": {
				"north": {"uv": [1.25, 0.25, 1.75, 0.75], "texture": "#0"},
				"east": {"uv": [1.25, 0.25, 1.75, 0.75], "texture": "#0"},
				"south": {"uv": [1.25, 0.25, 1.75, 0.75], "texture": "#0"},
				"west": {"uv": [1.25, 0.25, 1.75, 0.75], "texture": "#0"},
				"up": {"uv": [1.25, 0.25, 1.75, 0.75], "texture": "#0"},
				"down": {"uv": [1.25, 0.25, 1.75, 0.75], "texture": "#0"}
			}
		},
		{
			"name": "voxel",
			"from": [2.88, 1.44, 7.36],
			"to": [3.36, 1.6, 8.16],
			"faces": {
				"north": {"uv": [0.25, 0.25, 0.75, 0.75], "texture": "#0"},
				"east": {"uv": [0.25, 0.25, 0.75, 0.75], "texture": "#0"},
				"south": {"uv": [0.25, 0.25, 0.75, 0.75], "texture": "#0"},
				"west": {"uv": [0.25, 0.25, 0.75, 0.75], "texture": "#0"},
				"up": {"uv": [0.25, 0.25, 0.75, 0.75], "texture": "#0"},
				"down": {"uv": [0.25, 0.25, 0.75, 0.75], "texture": "#0"}
			}
		},
		{
			"name": "voxel",
			"from": [3.04, 3.04, 3.2],
			"to": [3.36, 3.2, 7.36],
			"faces": {
				"north": {"uv": [0.25, 0.25, 0.75, 0.75], "texture": "#0"},
				"east": {"uv": [0.25, 0.25, 0.75, 0.75], "texture": "#0"},
				"south": {"uv": [0.25, 0.25, 0.75, 0.75], "texture": "#0"},
				"west": {"uv": [0.25, 0.25, 0.75, 0.75], "texture": "#0"},
				"up": {"uv": [0.25, 0.25, 0.75, 0.75], "texture": "#0"},
				"down": {"uv": [0.25, 0.25, 0.75, 0.75], "texture": "#0"}
			}
		},
		{
			"name": "voxel",
			"from": [2.56, 2.72, 3.2],
			"to": [2.88, 2.88, 7.84],
			"faces": {
				"north": {"uv": [0.25, 0.25, 0.75, 0.75], "texture": "#0"},
				"east": {"uv": [0.25, 0.25, 0.75, 0.75], "texture": "#0"},
				"south": {"uv": [0.25, 0.25, 0.75, 0.75], "texture": "#0"},
				"west": {"uv": [0.25, 0.25, 0.75, 0.75], "texture": "#0"},
				"up": {"uv": [0.25, 0.25, 0.75, 0.75], "texture": "#0"},
				"down": {"uv": [0.25, 0.25, 0.75, 0.75], "texture": "#0"}
			}
		},
		{
			"name": "voxel",
			"from": [2.4, 2.24, 13.6],
			"to": [2.56, 2.56, 13.92],
			"faces": {
				"north": {"uv": [1.25, 0.25, 1.75, 0.75], "texture": "#0"},
				"east": {"uv": [1.25, 0.25, 1.75, 0.75], "texture": "#0"},
				"south": {"uv": [1.25, 0.25, 1.75, 0.75], "texture": "#0"},
				"west": {"uv": [1.25, 0.25, 1.75, 0.75], "texture": "#0"},
				"up": {"uv": [1.25, 0.25, 1.75, 0.75], "texture": "#0"},
				"down": {"uv": [1.25, 0.25, 1.75, 0.75], "texture": "#0"}
			}
		},
		{
			"name": "voxel",
			"from": [2.56, 3.2, 10.24],
			"to": [2.72, 3.36, 11.04],
			"faces": {
				"north": {"uv": [0.25, 0.25, 0.75, 0.75], "texture": "#0"},
				"east": {"uv": [0.25, 0.25, 0.75, 0.75], "texture": "#0"},
				"south": {"uv": [0.25, 0.25, 0.75, 0.75], "texture": "#0"},
				"west": {"uv": [0.25, 0.25, 0.75, 0.75], "texture": "#0"},
				"up": {"uv": [0.25, 0.25, 0.75, 0.75], "texture": "#0"},
				"down": {"uv": [0.25, 0.25, 0.75, 0.75], "texture": "#0"}
			}
		},
		{
			"name": "voxel",
			"from": [2.88, 2.72, 3.2],
			"to": [3.52, 2.88, 9.76],
			"faces": {
				"north": {"uv": [0.25, 0.25, 0.75, 0.75], "texture": "#0"},
				"east": {"uv": [0.25, 0.25, 0.75, 0.75], "texture": "#0"},
				"south": {"uv": [0.25, 0.25, 0.75, 0.75], "texture": "#0"},
				"west": {"uv": [0.25, 0.25, 0.75, 0.75], "texture": "#0"},
				"up": {"uv": [0.25, 0.25, 0.75, 0.75], "texture": "#0"},
				"down": {"uv": [0.25, 0.25, 0.75, 0.75], "texture": "#0"}
			}
		},
		{
			"name": "voxel",
			"from": [2.88, 1.6, 13.12],
			"to": [3.36, 1.76, 14.24],
			"faces": {
				"north": {"uv": [0.25, 0.25, 0.75, 0.75], "texture": "#0"},
				"east": {"uv": [0.25, 0.25, 0.75, 0.75], "texture": "#0"},
				"south": {"uv": [0.25, 0.25, 0.75, 0.75], "texture": "#0"},
				"west": {"uv": [0.25, 0.25, 0.75, 0.75], "texture": "#0"},
				"up": {"uv": [0.25, 0.25, 0.75, 0.75], "texture": "#0"},
				"down": {"uv": [0.25, 0.25, 0.75, 0.75], "texture": "#0"}
			}
		},
		{
			"name": "voxel",
			"from": [2.88, 1.6, 7.2],
			"to": [3.36, 2.08, 7.36],
			"faces": {
				"north": {"uv": [0.25, 0.25, 0.75, 0.75], "texture": "#0"},
				"east": {"uv": [0.25, 0.25, 0.75, 0.75], "texture": "#0"},
				"south": {"uv": [0.25, 0.25, 0.75, 0.75], "texture": "#0"},
				"west": {"uv": [0.25, 0.25, 0.75, 0.75], "texture": "#0"},
				"up": {"uv": [0.25, 0.25, 0.75, 0.75], "texture": "#0"},
				"down": {"uv": [0.25, 0.25, 0.75, 0.75], "texture": "#0"}
			}
		},
		{
			"name": "voxel",
			"from": [3.04, 1.76, 7.68],
			"to": [3.2, 2.08, 7.84],
			"faces": {
				"north": {"uv": [0.25, 0.25, 0.75, 0.75], "texture": "#0"},
				"east": {"uv": [0.25, 0.25, 0.75, 0.75], "texture": "#0"},
				"south": {"uv": [0.25, 0.25, 0.75, 0.75], "texture": "#0"},
				"west": {"uv": [0.25, 0.25, 0.75, 0.75], "texture": "#0"},
				"up": {"uv": [0.25, 0.25, 0.75, 0.75], "texture": "#0"},
				"down": {"uv": [0.25, 0.25, 0.75, 0.75], "texture": "#0"}
			}
		},
		{
			"name": "voxel",
			"from": [2.72, 3.2, 7.2],
			"to": [3.52, 3.36, 7.36],
			"faces": {
				"north": {"uv": [1.25, 0.25, 1.75, 0.75], "texture": "#0"},
				"east": {"uv": [1.25, 0.25, 1.75, 0.75], "texture": "#0"},
				"south": {"uv": [1.25, 0.25, 1.75, 0.75], "texture": "#0"},
				"west": {"uv": [1.25, 0.25, 1.75, 0.75], "texture": "#0"},
				"up": {"uv": [1.25, 0.25, 1.75, 0.75], "texture": "#0"},
				"down": {"uv": [1.25, 0.25, 1.75, 0.75], "texture": "#0"}
			}
		},
		{
			"name": "voxel",
			"from": [2.72, 2.08, 3.2],
			"to": [3.52, 2.72, 9.76],
			"faces": {
				"north": {"uv": [0.25, 0.25, 0.75, 0.75], "texture": "#0"},
				"east": {"uv": [0.25, 0.25, 0.75, 0.75], "texture": "#0"},
				"south": {"uv": [0.25, 0.25, 0.75, 0.75], "texture": "#0"},
				"west": {"uv": [0.25, 0.25, 0.75, 0.75], "texture": "#0"},
				"up": {"uv": [0.25, 0.25, 0.75, 0.75], "texture": "#0"},
				"down": {"uv": [0.25, 0.25, 0.75, 0.75], "texture": "#0"}
			}
		},
		{
			"name": "voxel",
			"from": [2.88, 3.2, 7.36],
			"to": [3.04, 3.36, 10.24],
			"faces": {
				"north": {"uv": [0.25, 0.25, 0.75, 0.75], "texture": "#0"},
				"east": {"uv": [0.25, 0.25, 0.75, 0.75], "texture": "#0"},
				"south": {"uv": [0.25, 0.25, 0.75, 0.75], "texture": "#0"},
				"west": {"uv": [0.25, 0.25, 0.75, 0.75], "texture": "#0"},
				"up": {"uv": [0.25, 0.25, 0.75, 0.75], "texture": "#0"},
				"down": {"uv": [0.25, 0.25, 0.75, 0.75], "texture": "#0"}
			}
		},
		{
			"name": "voxel",
			"from": [3.04, 3.04, 7.36],
			"to": [3.36, 3.36, 10.24],
			"faces": {
				"north": {"uv": [0.25, 0.25, 0.75, 0.75], "texture": "#0"},
				"east": {"uv": [0.25, 0.25, 0.75, 0.75], "texture": "#0"},
				"south": {"uv": [0.25, 0.25, 0.75, 0.75], "texture": "#0"},
				"west": {"uv": [0.25, 0.25, 0.75, 0.75], "texture": "#0"},
				"up": {"uv": [0.25, 0.25, 0.75, 0.75], "texture": "#0"},
				"down": {"uv": [0.25, 0.25, 0.75, 0.75], "texture": "#0"}
			}
		},
		{
			"name": "voxel",
			"from": [2.72, 2.88, 6.72],
			"to": [3.04, 3.2, 10.24],
			"faces": {
				"north": {"uv": [0.25, 0.25, 0.75, 0.75], "texture": "#0"},
				"east": {"uv": [0.25, 0.25, 0.75, 0.75], "texture": "#0"},
				"south": {"uv": [0.25, 0.25, 0.75, 0.75], "texture": "#0"},
				"west": {"uv": [0.25, 0.25, 0.75, 0.75], "texture": "#0"},
				"up": {"uv": [0.25, 0.25, 0.75, 0.75], "texture": "#0"},
				"down": {"uv": [0.25, 0.25, 0.75, 0.75], "texture": "#0"}
			}
		},
		{
			"name": "voxel",
			"from": [3.04, 2.88, 3.2],
			"to": [3.36, 3.04, 11.04],
			"faces": {
				"north": {"uv": [0.25, 0.25, 0.75, 0.75], "texture": "#0"},
				"east": {"uv": [0.25, 0.25, 0.75, 0.75], "texture": "#0"},
				"south": {"uv": [0.25, 0.25, 0.75, 0.75], "texture": "#0"},
				"west": {"uv": [0.25, 0.25, 0.75, 0.75], "texture": "#0"},
				"up": {"uv": [0.25, 0.25, 0.75, 0.75], "texture": "#0"},
				"down": {"uv": [0.25, 0.25, 0.75, 0.75], "texture": "#0"}
			}
		},
		{
			"name": "voxel",
			"from": [3.36, 2.88, 6.72],
			"to": [3.52, 3.2, 14.24],
			"faces": {
				"north": {"uv": [0.25, 0.25, 0.75, 0.75], "texture": "#0"},
				"east": {"uv": [0.25, 0.25, 0.75, 0.75], "texture": "#0"},
				"south": {"uv": [0.25, 0.25, 0.75, 0.75], "texture": "#0"},
				"west": {"uv": [0.25, 0.25, 0.75, 0.75], "texture": "#0"},
				"up": {"uv": [0.25, 0.25, 0.75, 0.75], "texture": "#0"},
				"down": {"uv": [0.25, 0.25, 0.75, 0.75], "texture": "#0"}
			}
		},
		{
			"name": "voxel",
			"from": [2.72, 2.88, 11.04],
			"to": [2.88, 3.2, 14.24],
			"faces": {
				"north": {"uv": [0.25, 0.25, 0.75, 0.75], "texture": "#0"},
				"east": {"uv": [0.25, 0.25, 0.75, 0.75], "texture": "#0"},
				"south": {"uv": [0.25, 0.25, 0.75, 0.75], "texture": "#0"},
				"west": {"uv": [0.25, 0.25, 0.75, 0.75], "texture": "#0"},
				"up": {"uv": [0.25, 0.25, 0.75, 0.75], "texture": "#0"},
				"down": {"uv": [0.25, 0.25, 0.75, 0.75], "texture": "#0"}
			}
		},
		{
			"name": "voxel",
			"from": [2.88, 1.92, 14.08],
			"to": [3.36, 2.08, 14.24],
			"faces": {
				"north": {"uv": [0.25, 0.25, 0.75, 0.75], "texture": "#0"},
				"east": {"uv": [0.25, 0.25, 0.75, 0.75], "texture": "#0"},
				"south": {"uv": [0.25, 0.25, 0.75, 0.75], "texture": "#0"},
				"west": {"uv": [0.25, 0.25, 0.75, 0.75], "texture": "#0"},
				"up": {"uv": [0.25, 0.25, 0.75, 0.75], "texture": "#0"},
				"down": {"uv": [0.25, 0.25, 0.75, 0.75], "texture": "#0"}
			}
		},
		{
			"name": "voxel",
			"from": [2.72, 2.08, 14.08],
			"to": [3.52, 2.72, 14.24],
			"faces": {
				"north": {"uv": [0.25, 0.25, 0.75, 0.75], "texture": "#0"},
				"east": {"uv": [0.25, 0.25, 0.75, 0.75], "texture": "#0"},
				"south": {"uv": [0.25, 0.25, 0.75, 0.75], "texture": "#0"},
				"west": {"uv": [0.25, 0.25, 0.75, 0.75], "texture": "#0"},
				"up": {"uv": [0.25, 0.25, 0.75, 0.75], "texture": "#0"},
				"down": {"uv": [0.25, 0.25, 0.75, 0.75], "texture": "#0"}
			}
		},
		{
			"name": "voxel",
			"from": [3.52, 2.24, 6.72],
			"to": [3.68, 2.88, 12.64],
			"faces": {
				"north": {"uv": [0.25, 0.25, 0.75, 0.75], "texture": "#0"},
				"east": {"uv": [0.25, 0.25, 0.75, 0.75], "texture": "#0"},
				"south": {"uv": [0.25, 0.25, 0.75, 0.75], "texture": "#0"},
				"west": {"uv": [0.25, 0.25, 0.75, 0.75], "texture": "#0"},
				"up": {"uv": [0.25, 0.25, 0.75, 0.75], "texture": "#0"},
				"down": {"uv": [0.25, 0.25, 0.75, 0.75], "texture": "#0"}
			}
		},
		{
			"name": "voxel",
			"from": [2.56, 2.72, 9.76],
			"to": [2.72, 2.88, 14.08],
			"faces": {
				"north": {"uv": [0.25, 0.25, 0.75, 0.75], "texture": "#0"},
				"east": {"uv": [0.25, 0.25, 0.75, 0.75], "texture": "#0"},
				"south": {"uv": [0.25, 0.25, 0.75, 0.75], "texture": "#0"},
				"west": {"uv": [0.25, 0.25, 0.75, 0.75], "texture": "#0"},
				"up": {"uv": [0.25, 0.25, 0.75, 0.75], "texture": "#0"},
				"down": {"uv": [0.25, 0.25, 0.75, 0.75], "texture": "#0"}
			}
		},
		{
			"name": "voxel",
			"from": [2.56, 2.72, 14.08],
			"to": [3.52, 2.88, 14.24],
			"faces": {
				"north": {"uv": [0.25, 0.25, 0.75, 0.75], "texture": "#0"},
				"east": {"uv": [0.25, 0.25, 0.75, 0.75], "texture": "#0"},
				"south": {"uv": [0.25, 0.25, 0.75, 0.75], "texture": "#0"},
				"west": {"uv": [0.25, 0.25, 0.75, 0.75], "texture": "#0"},
				"up": {"uv": [0.25, 0.25, 0.75, 0.75], "texture": "#0"},
				"down": {"uv": [0.25, 0.25, 0.75, 0.75], "texture": "#0"}
			}
		},
		{
			"name": "voxel",
			"from": [2.88, 0.8, 8.16],
			"to": [3.36, 0.96, 8.64],
			"faces": {
				"north": {"uv": [0.25, 0.25, 0.75, 0.75], "texture": "#0"},
				"east": {"uv": [0.25, 0.25, 0.75, 0.75], "texture": "#0"},
				"south": {"uv": [0.25, 0.25, 0.75, 0.75], "texture": "#0"},
				"west": {"uv": [0.25, 0.25, 0.75, 0.75], "texture": "#0"},
				"up": {"uv": [0.25, 0.25, 0.75, 0.75], "texture": "#0"},
				"down": {"uv": [0.25, 0.25, 0.75, 0.75], "texture": "#0"}
			}
		},
		{
			"name": "voxel",
			"from": [2.56, 2.08, 12.64],
			"to": [2.72, 2.24, 14.24],
			"faces": {
				"north": {"uv": [0.25, 0.25, 0.75, 0.75], "texture": "#0"},
				"east": {"uv": [0.25, 0.25, 0.75, 0.75], "texture": "#0"},
				"south": {"uv": [0.25, 0.25, 0.75, 0.75], "texture": "#0"},
				"west": {"uv": [0.25, 0.25, 0.75, 0.75], "texture": "#0"},
				"up": {"uv": [0.25, 0.25, 0.75, 0.75], "texture": "#0"},
				"down": {"uv": [0.25, 0.25, 0.75, 0.75], "texture": "#0"}
			}
		},
		{
			"name": "voxel",
			"from": [2.56, 2.24, 6.72],
			"to": [2.72, 2.72, 14.24],
			"faces": {
				"north": {"uv": [0.25, 0.25, 0.75, 0.75], "texture": "#0"},
				"east": {"uv": [0.25, 0.25, 0.75, 0.75], "texture": "#0"},
				"south": {"uv": [0.25, 0.25, 0.75, 0.75], "texture": "#0"},
				"west": {"uv": [0.25, 0.25, 0.75, 0.75], "texture": "#0"},
				"up": {"uv": [0.25, 0.25, 0.75, 0.75], "texture": "#0"},
				"down": {"uv": [0.25, 0.25, 0.75, 0.75], "texture": "#0"}
			}
		},
		{
			"name": "voxel",
			"from": [2.88, 2.72, 9.76],
			"to": [3.04, 2.88, 10.24],
			"faces": {
				"north": {"uv": [2.25, 0.25, 2.75, 0.75], "texture": "#0"},
				"east": {"uv": [2.25, 0.25, 2.75, 0.75], "texture": "#0"},
				"south": {"uv": [2.25, 0.25, 2.75, 0.75], "texture": "#0"},
				"west": {"uv": [2.25, 0.25, 2.75, 0.75], "texture": "#0"},
				"up": {"uv": [2.25, 0.25, 2.75, 0.75], "texture": "#0"},
				"down": {"uv": [2.25, 0.25, 2.75, 0.75], "texture": "#0"}
			}
		},
		{
			"name": "voxel",
			"from": [2.88, 2.88, 11.04],
			"to": [3.36, 3.36, 14.24],
			"faces": {
				"north": {"uv": [0.25, 0.25, 0.75, 0.75], "texture": "#0"},
				"east": {"uv": [0.25, 0.25, 0.75, 0.75], "texture": "#0"},
				"south": {"uv": [0.25, 0.25, 0.75, 0.75], "texture": "#0"},
				"west": {"uv": [0.25, 0.25, 0.75, 0.75], "texture": "#0"},
				"up": {"uv": [0.25, 0.25, 0.75, 0.75], "texture": "#0"},
				"down": {"uv": [0.25, 0.25, 0.75, 0.75], "texture": "#0"}
			}
		},
		{
			"name": "voxel",
			"from": [2.72, 2.72, 9.76],
			"to": [2.88, 2.88, 11.04],
			"faces": {
				"north": {"uv": [2.25, 0.25, 2.75, 0.75], "texture": "#0"},
				"east": {"uv": [2.25, 0.25, 2.75, 0.75], "texture": "#0"},
				"south": {"uv": [2.25, 0.25, 2.75, 0.75], "texture": "#0"},
				"west": {"uv": [2.25, 0.25, 2.75, 0.75], "texture": "#0"},
				"up": {"uv": [2.25, 0.25, 2.75, 0.75], "texture": "#0"},
				"down": {"uv": [2.25, 0.25, 2.75, 0.75], "texture": "#0"}
			}
		},
		{
			"name": "voxel",
			"from": [2.72, 3.04, 10.24],
			"to": [3.36, 3.36, 11.04],
			"faces": {
				"north": {"uv": [0.25, 0.25, 0.75, 0.75], "texture": "#0"},
				"east": {"uv": [0.25, 0.25, 0.75, 0.75], "texture": "#0"},
				"south": {"uv": [0.25, 0.25, 0.75, 0.75], "texture": "#0"},
				"west": {"uv": [0.25, 0.25, 0.75, 0.75], "texture": "#0"},
				"up": {"uv": [0.25, 0.25, 0.75, 0.75], "texture": "#0"},
				"down": {"uv": [0.25, 0.25, 0.75, 0.75], "texture": "#0"}
			}
		},
		{
			"name": "voxel",
			"from": [3.04, 2.72, 9.76],
			"to": [3.52, 2.88, 11.04],
			"faces": {
				"north": {"uv": [2.25, 0.25, 2.75, 0.75], "texture": "#0"},
				"east": {"uv": [2.25, 0.25, 2.75, 0.75], "texture": "#0"},
				"south": {"uv": [2.25, 0.25, 2.75, 0.75], "texture": "#0"},
				"west": {"uv": [2.25, 0.25, 2.75, 0.75], "texture": "#0"},
				"up": {"uv": [2.25, 0.25, 2.75, 0.75], "texture": "#0"},
				"down": {"uv": [2.25, 0.25, 2.75, 0.75], "texture": "#0"}
			}
		},
		{
			"name": "voxel",
			"from": [2.72, 2.72, 11.04],
			"to": [3.52, 2.88, 12.96],
			"faces": {
				"north": {"uv": [2.25, 0.25, 2.75, 0.75], "texture": "#0"},
				"east": {"uv": [2.25, 0.25, 2.75, 0.75], "texture": "#0"},
				"south": {"uv": [2.25, 0.25, 2.75, 0.75], "texture": "#0"},
				"west": {"uv": [2.25, 0.25, 2.75, 0.75], "texture": "#0"},
				"up": {"uv": [2.25, 0.25, 2.75, 0.75], "texture": "#0"},
				"down": {"uv": [2.25, 0.25, 2.75, 0.75], "texture": "#0"}
			}
		},
		{
			"name": "voxel",
			"from": [2.72, 2.08, 12.96],
			"to": [2.88, 2.88, 14.08],
			"faces": {
				"north": {"uv": [2.25, 0.25, 2.75, 0.75], "texture": "#0"},
				"east": {"uv": [2.25, 0.25, 2.75, 0.75], "texture": "#0"},
				"south": {"uv": [2.25, 0.25, 2.75, 0.75], "texture": "#0"},
				"west": {"uv": [2.25, 0.25, 2.75, 0.75], "texture": "#0"},
				"up": {"uv": [2.25, 0.25, 2.75, 0.75], "texture": "#0"},
				"down": {"uv": [2.25, 0.25, 2.75, 0.75], "texture": "#0"}
			}
		},
		{
			"name": "voxel",
			"from": [3.36, 2.08, 12.96],
			"to": [3.52, 2.88, 14.08],
			"faces": {
				"north": {"uv": [2.25, 0.25, 2.75, 0.75], "texture": "#0"},
				"east": {"uv": [2.25, 0.25, 2.75, 0.75], "texture": "#0"},
				"south": {"uv": [2.25, 0.25, 2.75, 0.75], "texture": "#0"},
				"west": {"uv": [2.25, 0.25, 2.75, 0.75], "texture": "#0"},
				"up": {"uv": [2.25, 0.25, 2.75, 0.75], "texture": "#0"},
				"down": {"uv": [2.25, 0.25, 2.75, 0.75], "texture": "#0"}
			}
		},
		{
			"name": "voxel",
			"from": [3.04, 1.44, 11.68],
			"to": [3.2, 1.6, 11.84],
			"faces": {
				"north": {"uv": [0.25, 0.25, 0.75, 0.75], "texture": "#0"},
				"east": {"uv": [0.25, 0.25, 0.75, 0.75], "texture": "#0"},
				"south": {"uv": [0.25, 0.25, 0.75, 0.75], "texture": "#0"},
				"west": {"uv": [0.25, 0.25, 0.75, 0.75], "texture": "#0"},
				"up": {"uv": [0.25, 0.25, 0.75, 0.75], "texture": "#0"},
				"down": {"uv": [0.25, 0.25, 0.75, 0.75], "texture": "#0"}
			}
		},
		{
			"name": "voxel",
			"from": [3.04, 1.12, 11.52],
			"to": [3.2, 1.44, 11.84],
			"faces": {
				"north": {"uv": [0.25, 0.25, 0.75, 0.75], "texture": "#0"},
				"east": {"uv": [0.25, 0.25, 0.75, 0.75], "texture": "#0"},
				"south": {"uv": [0.25, 0.25, 0.75, 0.75], "texture": "#0"},
				"west": {"uv": [0.25, 0.25, 0.75, 0.75], "texture": "#0"},
				"up": {"uv": [0.25, 0.25, 0.75, 0.75], "texture": "#0"},
				"down": {"uv": [0.25, 0.25, 0.75, 0.75], "texture": "#0"}
			}
		},
		{
			"name": "voxel",
			"from": [3.04, 1.44, 11.36],
			"to": [3.2, 1.76, 11.68],
			"faces": {
				"north": {"uv": [0.25, 0.25, 0.75, 0.75], "texture": "#0"},
				"east": {"uv": [0.25, 0.25, 0.75, 0.75], "texture": "#0"},
				"south": {"uv": [0.25, 0.25, 0.75, 0.75], "texture": "#0"},
				"west": {"uv": [0.25, 0.25, 0.75, 0.75], "texture": "#0"},
				"up": {"uv": [0.25, 0.25, 0.75, 0.75], "texture": "#0"},
				"down": {"uv": [0.25, 0.25, 0.75, 0.75], "texture": "#0"}
			}
		},
		{
			"name": "voxel",
			"from": [3.52, 2.08, 12.64],
			"to": [3.68, 2.88, 14.24],
			"faces": {
				"north": {"uv": [0.25, 0.25, 0.75, 0.75], "texture": "#0"},
				"east": {"uv": [0.25, 0.25, 0.75, 0.75], "texture": "#0"},
				"south": {"uv": [0.25, 0.25, 0.75, 0.75], "texture": "#0"},
				"west": {"uv": [0.25, 0.25, 0.75, 0.75], "texture": "#0"},
				"up": {"uv": [0.25, 0.25, 0.75, 0.75], "texture": "#0"},
				"down": {"uv": [0.25, 0.25, 0.75, 0.75], "texture": "#0"}
			}
		},
		{
			"name": "voxel",
			"from": [2.72, 1.76, 13.12],
			"to": [3.52, 1.92, 14.24],
			"faces": {
				"north": {"uv": [0.25, 0.25, 0.75, 0.75], "texture": "#0"},
				"east": {"uv": [0.25, 0.25, 0.75, 0.75], "texture": "#0"},
				"south": {"uv": [0.25, 0.25, 0.75, 0.75], "texture": "#0"},
				"west": {"uv": [0.25, 0.25, 0.75, 0.75], "texture": "#0"},
				"up": {"uv": [0.25, 0.25, 0.75, 0.75], "texture": "#0"},
				"down": {"uv": [0.25, 0.25, 0.75, 0.75], "texture": "#0"}
			}
		},
		{
			"name": "voxel",
			"from": [3.36, 1.92, 12.96],
			"to": [3.52, 2.08, 14.24],
			"faces": {
				"north": {"uv": [0.25, 0.25, 0.75, 0.75], "texture": "#0"},
				"east": {"uv": [0.25, 0.25, 0.75, 0.75], "texture": "#0"},
				"south": {"uv": [0.25, 0.25, 0.75, 0.75], "texture": "#0"},
				"west": {"uv": [0.25, 0.25, 0.75, 0.75], "texture": "#0"},
				"up": {"uv": [0.25, 0.25, 0.75, 0.75], "texture": "#0"},
				"down": {"uv": [0.25, 0.25, 0.75, 0.75], "texture": "#0"}
			}
		},
		{
			"name": "voxel",
			"from": [2.72, 1.92, 12.96],
			"to": [2.88, 2.08, 14.24],
			"faces": {
				"north": {"uv": [0.25, 0.25, 0.75, 0.75], "texture": "#0"},
				"east": {"uv": [0.25, 0.25, 0.75, 0.75], "texture": "#0"},
				"south": {"uv": [0.25, 0.25, 0.75, 0.75], "texture": "#0"},
				"west": {"uv": [0.25, 0.25, 0.75, 0.75], "texture": "#0"},
				"up": {"uv": [0.25, 0.25, 0.75, 0.75], "texture": "#0"},
				"down": {"uv": [0.25, 0.25, 0.75, 0.75], "texture": "#0"}
			}
		},
		{
			"name": "voxel",
			"from": [2.88, 1.92, 12.96],
			"to": [3.36, 2.88, 14.08],
			"faces": {
				"north": {"uv": [2.25, 0.25, 2.75, 0.75], "texture": "#0"},
				"east": {"uv": [2.25, 0.25, 2.75, 0.75], "texture": "#0"},
				"south": {"uv": [2.25, 0.25, 2.75, 0.75], "texture": "#0"},
				"west": {"uv": [2.25, 0.25, 2.75, 0.75], "texture": "#0"},
				"up": {"uv": [2.25, 0.25, 2.75, 0.75], "texture": "#0"},
				"down": {"uv": [2.25, 0.25, 2.75, 0.75], "texture": "#0"}
			}
		},
		{
			"name": "voxel",
			"from": [2.88, 1.76, 11.36],
			"to": [3.36, 1.92, 13.12],
			"faces": {
				"north": {"uv": [2.25, 0.25, 2.75, 0.75], "texture": "#0"},
				"east": {"uv": [2.25, 0.25, 2.75, 0.75], "texture": "#0"},
				"south": {"uv": [2.25, 0.25, 2.75, 0.75], "texture": "#0"},
				"west": {"uv": [2.25, 0.25, 2.75, 0.75], "texture": "#0"},
				"up": {"uv": [2.25, 0.25, 2.75, 0.75], "texture": "#0"},
				"down": {"uv": [2.25, 0.25, 2.75, 0.75], "texture": "#0"}
			}
		},
		{
			"name": "voxel",
			"from": [2.88, 0.96, 8.16],
			"to": [3.36, 1.6, 8.8],
			"faces": {
				"north": {"uv": [0.25, 0.25, 0.75, 0.75], "texture": "#0"},
				"east": {"uv": [0.25, 0.25, 0.75, 0.75], "texture": "#0"},
				"south": {"uv": [0.25, 0.25, 0.75, 0.75], "texture": "#0"},
				"west": {"uv": [0.25, 0.25, 0.75, 0.75], "texture": "#0"},
				"up": {"uv": [0.25, 0.25, 0.75, 0.75], "texture": "#0"},
				"down": {"uv": [0.25, 0.25, 0.75, 0.75], "texture": "#0"}
			}
		},
		{
			"name": "voxel",
			"from": [3.36, 1.76, 10.56],
			"to": [3.52, 1.92, 13.12],
			"faces": {
				"north": {"uv": [2.25, 0.25, 2.75, 0.75], "texture": "#0"},
				"east": {"uv": [2.25, 0.25, 2.75, 0.75], "texture": "#0"},
				"south": {"uv": [2.25, 0.25, 2.75, 0.75], "texture": "#0"},
				"west": {"uv": [2.25, 0.25, 2.75, 0.75], "texture": "#0"},
				"up": {"uv": [2.25, 0.25, 2.75, 0.75], "texture": "#0"},
				"down": {"uv": [2.25, 0.25, 2.75, 0.75], "texture": "#0"}
			}
		},
		{
			"name": "voxel",
			"from": [2.72, 1.76, 10.56],
			"to": [2.88, 1.92, 13.12],
			"faces": {
				"north": {"uv": [2.25, 0.25, 2.75, 0.75], "texture": "#0"},
				"east": {"uv": [2.25, 0.25, 2.75, 0.75], "texture": "#0"},
				"south": {"uv": [2.25, 0.25, 2.75, 0.75], "texture": "#0"},
				"west": {"uv": [2.25, 0.25, 2.75, 0.75], "texture": "#0"},
				"up": {"uv": [2.25, 0.25, 2.75, 0.75], "texture": "#0"},
				"down": {"uv": [2.25, 0.25, 2.75, 0.75], "texture": "#0"}
			}
		},
		{
			"name": "voxel",
			"from": [2.72, 1.92, 9.76],
			"to": [3.52, 2.72, 12.96],
			"faces": {
				"north": {"uv": [2.25, 0.25, 2.75, 0.75], "texture": "#0"},
				"east": {"uv": [2.25, 0.25, 2.75, 0.75], "texture": "#0"},
				"south": {"uv": [2.25, 0.25, 2.75, 0.75], "texture": "#0"},
				"west": {"uv": [2.25, 0.25, 2.75, 0.75], "texture": "#0"},
				"up": {"uv": [2.25, 0.25, 2.75, 0.75], "texture": "#0"},
				"down": {"uv": [2.25, 0.25, 2.75, 0.75], "texture": "#0"}
			}
		},
		{
			"name": "voxel",
			"from": [2.88, 1.6, 11.2],
			"to": [3.04, 1.92, 11.36],
			"faces": {
				"north": {"uv": [0.25, 0.25, 0.75, 0.75], "texture": "#0"},
				"east": {"uv": [0.25, 0.25, 0.75, 0.75], "texture": "#0"},
				"south": {"uv": [0.25, 0.25, 0.75, 0.75], "texture": "#0"},
				"west": {"uv": [0.25, 0.25, 0.75, 0.75], "texture": "#0"},
				"up": {"uv": [0.25, 0.25, 0.75, 0.75], "texture": "#0"},
				"down": {"uv": [0.25, 0.25, 0.75, 0.75], "texture": "#0"}
			}
		},
		{
			"name": "voxel",
			"from": [3.2, 1.6, 11.2],
			"to": [3.36, 1.92, 11.36],
			"faces": {
				"north": {"uv": [0.25, 0.25, 0.75, 0.75], "texture": "#0"},
				"east": {"uv": [0.25, 0.25, 0.75, 0.75], "texture": "#0"},
				"south": {"uv": [0.25, 0.25, 0.75, 0.75], "texture": "#0"},
				"west": {"uv": [0.25, 0.25, 0.75, 0.75], "texture": "#0"},
				"up": {"uv": [0.25, 0.25, 0.75, 0.75], "texture": "#0"},
				"down": {"uv": [0.25, 0.25, 0.75, 0.75], "texture": "#0"}
			}
		},
		{
			"name": "voxel",
			"from": [2.88, 0.64, 11.2],
			"to": [3.04, 1.6, 11.36],
			"faces": {
				"north": {"uv": [1.25, 0.25, 1.75, 0.75], "texture": "#0"},
				"east": {"uv": [1.25, 0.25, 1.75, 0.75], "texture": "#0"},
				"south": {"uv": [1.25, 0.25, 1.75, 0.75], "texture": "#0"},
				"west": {"uv": [1.25, 0.25, 1.75, 0.75], "texture": "#0"},
				"up": {"uv": [1.25, 0.25, 1.75, 0.75], "texture": "#0"},
				"down": {"uv": [1.25, 0.25, 1.75, 0.75], "texture": "#0"}
			}
		},
		{
			"name": "voxel",
			"from": [3.04, 0.32, 11.2],
			"to": [3.2, 1.92, 11.36],
			"faces": {
				"north": {"uv": [0.25, 0.25, 0.75, 0.75], "texture": "#0"},
				"east": {"uv": [0.25, 0.25, 0.75, 0.75], "texture": "#0"},
				"south": {"uv": [0.25, 0.25, 0.75, 0.75], "texture": "#0"},
				"west": {"uv": [0.25, 0.25, 0.75, 0.75], "texture": "#0"},
				"up": {"uv": [0.25, 0.25, 0.75, 0.75], "texture": "#0"},
				"down": {"uv": [0.25, 0.25, 0.75, 0.75], "texture": "#0"}
			}
		},
		{
			"name": "voxel",
			"from": [3.2, 0.64, 11.2],
			"to": [3.36, 1.6, 11.36],
			"faces": {
				"north": {"uv": [1.25, 0.25, 1.75, 0.75], "texture": "#0"},
				"east": {"uv": [1.25, 0.25, 1.75, 0.75], "texture": "#0"},
				"south": {"uv": [1.25, 0.25, 1.75, 0.75], "texture": "#0"},
				"west": {"uv": [1.25, 0.25, 1.75, 0.75], "texture": "#0"},
				"up": {"uv": [1.25, 0.25, 1.75, 0.75], "texture": "#0"},
				"down": {"uv": [1.25, 0.25, 1.75, 0.75], "texture": "#0"}
			}
		},
		{
			"name": "voxel",
			"from": [3.2, 1.6, 10.88],
			"to": [3.36, 1.92, 11.04],
			"faces": {
				"north": {"uv": [0.25, 0.25, 0.75, 0.75], "texture": "#0"},
				"east": {"uv": [0.25, 0.25, 0.75, 0.75], "texture": "#0"},
				"south": {"uv": [0.25, 0.25, 0.75, 0.75], "texture": "#0"},
				"west": {"uv": [0.25, 0.25, 0.75, 0.75], "texture": "#0"},
				"up": {"uv": [0.25, 0.25, 0.75, 0.75], "texture": "#0"},
				"down": {"uv": [0.25, 0.25, 0.75, 0.75], "texture": "#0"}
			}
		},
		{
			"name": "voxel",
			"from": [3.2, 1.6, 10.56],
			"to": [3.36, 1.92, 10.72],
			"faces": {
				"north": {"uv": [0.25, 0.25, 0.75, 0.75], "texture": "#0"},
				"east": {"uv": [0.25, 0.25, 0.75, 0.75], "texture": "#0"},
				"south": {"uv": [0.25, 0.25, 0.75, 0.75], "texture": "#0"},
				"west": {"uv": [0.25, 0.25, 0.75, 0.75], "texture": "#0"},
				"up": {"uv": [0.25, 0.25, 0.75, 0.75], "texture": "#0"},
				"down": {"uv": [0.25, 0.25, 0.75, 0.75], "texture": "#0"}
			}
		},
		{
			"name": "voxel",
			"from": [2.88, 1.6, 10.88],
			"to": [3.04, 1.92, 11.04],
			"faces": {
				"north": {"uv": [0.25, 0.25, 0.75, 0.75], "texture": "#0"},
				"east": {"uv": [0.25, 0.25, 0.75, 0.75], "texture": "#0"},
				"south": {"uv": [0.25, 0.25, 0.75, 0.75], "texture": "#0"},
				"west": {"uv": [0.25, 0.25, 0.75, 0.75], "texture": "#0"},
				"up": {"uv": [0.25, 0.25, 0.75, 0.75], "texture": "#0"},
				"down": {"uv": [0.25, 0.25, 0.75, 0.75], "texture": "#0"}
			}
		},
		{
			"name": "voxel",
			"from": [2.88, 1.6, 10.56],
			"to": [3.04, 1.92, 10.72],
			"faces": {
				"north": {"uv": [0.25, 0.25, 0.75, 0.75], "texture": "#0"},
				"east": {"uv": [0.25, 0.25, 0.75, 0.75], "texture": "#0"},
				"south": {"uv": [0.25, 0.25, 0.75, 0.75], "texture": "#0"},
				"west": {"uv": [0.25, 0.25, 0.75, 0.75], "texture": "#0"},
				"up": {"uv": [0.25, 0.25, 0.75, 0.75], "texture": "#0"},
				"down": {"uv": [0.25, 0.25, 0.75, 0.75], "texture": "#0"}
			}
		},
		{
			"name": "voxel",
			"from": [2.88, 0.48, 9.92],
			"to": [3.36, 1.92, 10.56],
			"faces": {
				"north": {"uv": [0.25, 0.25, 0.75, 0.75], "texture": "#0"},
				"east": {"uv": [0.25, 0.25, 0.75, 0.75], "texture": "#0"},
				"south": {"uv": [0.25, 0.25, 0.75, 0.75], "texture": "#0"},
				"west": {"uv": [0.25, 0.25, 0.75, 0.75], "texture": "#0"},
				"up": {"uv": [0.25, 0.25, 0.75, 0.75], "texture": "#0"},
				"down": {"uv": [0.25, 0.25, 0.75, 0.75], "texture": "#0"}
			}
		},
		{
			"name": "voxel",
			"from": [2.88, 0.64, 10.56],
			"to": [3.04, 1.6, 10.72],
			"faces": {
				"north": {"uv": [1.25, 0.25, 1.75, 0.75], "texture": "#0"},
				"east": {"uv": [1.25, 0.25, 1.75, 0.75], "texture": "#0"},
				"south": {"uv": [1.25, 0.25, 1.75, 0.75], "texture": "#0"},
				"west": {"uv": [1.25, 0.25, 1.75, 0.75], "texture": "#0"},
				"up": {"uv": [1.25, 0.25, 1.75, 0.75], "texture": "#0"},
				"down": {"uv": [1.25, 0.25, 1.75, 0.75], "texture": "#0"}
			}
		},
		{
			"name": "voxel",
			"from": [3.2, 0.64, 10.56],
			"to": [3.36, 1.6, 10.72],
			"faces": {
				"north": {"uv": [1.25, 0.25, 1.75, 0.75], "texture": "#0"},
				"east": {"uv": [1.25, 0.25, 1.75, 0.75], "texture": "#0"},
				"south": {"uv": [1.25, 0.25, 1.75, 0.75], "texture": "#0"},
				"west": {"uv": [1.25, 0.25, 1.75, 0.75], "texture": "#0"},
				"up": {"uv": [1.25, 0.25, 1.75, 0.75], "texture": "#0"},
				"down": {"uv": [1.25, 0.25, 1.75, 0.75], "texture": "#0"}
			}
		},
		{
			"name": "voxel",
			"from": [3.2, 0.32, 10.72],
			"to": [3.36, 1.92, 10.88],
			"faces": {
				"north": {"uv": [0.25, 0.25, 0.75, 0.75], "texture": "#0"},
				"east": {"uv": [0.25, 0.25, 0.75, 0.75], "texture": "#0"},
				"south": {"uv": [0.25, 0.25, 0.75, 0.75], "texture": "#0"},
				"west": {"uv": [0.25, 0.25, 0.75, 0.75], "texture": "#0"},
				"up": {"uv": [0.25, 0.25, 0.75, 0.75], "texture": "#0"},
				"down": {"uv": [0.25, 0.25, 0.75, 0.75], "texture": "#0"}
			}
		},
		{
			"name": "voxel",
			"from": [2.88, 0.32, 10.72],
			"to": [3.04, 1.92, 10.88],
			"faces": {
				"north": {"uv": [0.25, 0.25, 0.75, 0.75], "texture": "#0"},
				"east": {"uv": [0.25, 0.25, 0.75, 0.75], "texture": "#0"},
				"south": {"uv": [0.25, 0.25, 0.75, 0.75], "texture": "#0"},
				"west": {"uv": [0.25, 0.25, 0.75, 0.75], "texture": "#0"},
				"up": {"uv": [0.25, 0.25, 0.75, 0.75], "texture": "#0"},
				"down": {"uv": [0.25, 0.25, 0.75, 0.75], "texture": "#0"}
			}
		},
		{
			"name": "voxel",
			"from": [3.2, 0.64, 10.88],
			"to": [3.36, 1.6, 11.04],
			"faces": {
				"north": {"uv": [1.25, 0.25, 1.75, 0.75], "texture": "#0"},
				"east": {"uv": [1.25, 0.25, 1.75, 0.75], "texture": "#0"},
				"south": {"uv": [1.25, 0.25, 1.75, 0.75], "texture": "#0"},
				"west": {"uv": [1.25, 0.25, 1.75, 0.75], "texture": "#0"},
				"up": {"uv": [1.25, 0.25, 1.75, 0.75], "texture": "#0"},
				"down": {"uv": [1.25, 0.25, 1.75, 0.75], "texture": "#0"}
			}
		},
		{
			"name": "voxel",
			"from": [3.04, 0.32, 10.56],
			"to": [3.2, 1.92, 11.04],
			"faces": {
				"north": {"uv": [0.25, 0.25, 0.75, 0.75], "texture": "#0"},
				"east": {"uv": [0.25, 0.25, 0.75, 0.75], "texture": "#0"},
				"south": {"uv": [0.25, 0.25, 0.75, 0.75], "texture": "#0"},
				"west": {"uv": [0.25, 0.25, 0.75, 0.75], "texture": "#0"},
				"up": {"uv": [0.25, 0.25, 0.75, 0.75], "texture": "#0"},
				"down": {"uv": [0.25, 0.25, 0.75, 0.75], "texture": "#0"}
			}
		},
		{
			"name": "voxel",
			"from": [2.88, 0.64, 10.88],
			"to": [3.04, 1.6, 11.04],
			"faces": {
				"north": {"uv": [1.25, 0.25, 1.75, 0.75], "texture": "#0"},
				"east": {"uv": [1.25, 0.25, 1.75, 0.75], "texture": "#0"},
				"south": {"uv": [1.25, 0.25, 1.75, 0.75], "texture": "#0"},
				"west": {"uv": [1.25, 0.25, 1.75, 0.75], "texture": "#0"},
				"up": {"uv": [1.25, 0.25, 1.75, 0.75], "texture": "#0"},
				"down": {"uv": [1.25, 0.25, 1.75, 0.75], "texture": "#0"}
			}
		},
		{
			"name": "voxel",
			"from": [2.88, 0.32, 11.04],
			"to": [3.36, 1.92, 11.2],
			"faces": {
				"north": {"uv": [0.25, 0.25, 0.75, 0.75], "texture": "#0"},
				"east": {"uv": [0.25, 0.25, 0.75, 0.75], "texture": "#0"},
				"south": {"uv": [0.25, 0.25, 0.75, 0.75], "texture": "#0"},
				"west": {"uv": [0.25, 0.25, 0.75, 0.75], "texture": "#0"},
				"up": {"uv": [0.25, 0.25, 0.75, 0.75], "texture": "#0"},
				"down": {"uv": [0.25, 0.25, 0.75, 0.75], "texture": "#0"}
			}
		}
	],
	"display": {
		"thirdperson_righthand": {
			"translation": [10, 13, 0],
			"scale": [2, 2, 2]
		},
		"thirdperson_lefthand": {
			"translation": [-10, 13, 0],
			"scale": [2, 2, 2]
		},
		"firstperson_righthand": {
			"rotation": [0, -9, 0],
			"translation": [0.75, 11, 5]
		},
		"firstperson_lefthand": {
			"translation": [-18.799, 15.8, 9.5],
			"scale": [2, 2, 0.2]
		},
		"ground": {
			"translation": [18.25, 27, 0],
			"scale": [4, 4, 4]
		},
		"gui": {
			"rotation": [0, 90, 0],
			"translation": [1.25, 6, 0],
			"scale": [1.2, 1.2, 1.2]
		},
		"fixed": {
			"rotation": [0, -90, 0],
			"translation": [0, 20, 19],
			"scale": [4, 4, 4]
		}
	},
	"groups": [
		{
			"name": "voxel_file",
			"origin": [8, 8, 8],
			"children": [0, 1, 2, 3, 4, 5, 6, 7, 8, 9, 10, 11, 12, 13, 14, 15, 16, 17, 18, 19, 20, 21, 22, 23, 24, 25, 26, 27, 28, 29, 30, 31, 32, 33, 34, 35, 36, 37, 38, 39, 40, 41, 42, 43, 44, 45, 46, 47, 48, 49, 50, 51, 52, 53, 54, 55, 56, 57, 58, 59, 60, 61, 62, 63, 64, 65, 66, 67, 68, 69, 70, 71, 72, 73, 74, 75, 76, 77, 78, 79, 80, 81, 82, 83, 84, 85, 86, 87, 88, 89, 90, 91, 92, 93, 94, 95, 96, 97, 98, 99, 100, 101, 102, 103, 104, 105, 106, 107, 108, 109, 110, 111, 112, 113, 114, 115, 116, 117, 118, 119, 120, 121, 122, 123, 124, 125, 126, 127, 128, 129, 130, 131, 132, 133, 134, 135, 136, 137, 138, 139, 140, 141, 142, 143, 144, 145, 146, 147, 148, 149, 150, 151, 152, 153, 154, 155]
		}
	]
}