{
	"credit": "Made with Blockbench",
	"textures": {
		"0": "items/rgbsheet1",
		"1": "items/glasspanetexture",
		"2": "items/qavassets1",
		"3": "items/recycle",
		"particle": "items/rgbsheet1"
	},
	"elements": [
		{
			"from": [-1.1352, 0, -14.75],
			"to": [-0.7552, 4.92, 0.5],
			"faces": {
				"north": {"uv": [8, 4, 9, 5], "texture": "#0"},
				"east": {"uv": [8, 4, 9, 5], "texture": "#0"},
				"south": {"uv": [8, 4, 9, 5], "texture": "#0"},
				"west": {"uv": [8, 4, 9, 5], "texture": "#0"},
				"up": {"uv": [8, 4, 9, 5], "texture": "#0"},
				"down": {"uv": [8, 4, 9, 5], "texture": "#0"}
			}
		},
		{
			"from": [16.74, 0, -14.75],
			"to": [17.12, 4.92, 0.5],
			"faces": {
				"north": {"uv": [8, 4, 9, 5], "texture": "#0"},
				"east": {"uv": [8, 4, 9, 5], "texture": "#0"},
				"south": {"uv": [8, 4, 9, 5], "texture": "#0"},
				"west": {"uv": [8, 4, 9, 5], "texture": "#0"},
				"up": {"uv": [8, 4, 9, 5], "texture": "#0"},
				"down": {"uv": [8, 4, 9, 5], "texture": "#0"}
			}
		},
		{
			"from": [-1.12, 18.45, -9.5],
			"to": [17.12, 19.68, 0],
			"faces": {
				"north": {"uv": [8, 4, 9, 5], "texture": "#0"},
				"east": {"uv": [8, 4, 9, 5], "texture": "#0"},
				"south": {"uv": [8, 4, 9, 5], "texture": "#0"},
				"west": {"uv": [8, 4, 9, 5], "texture": "#0"},
				"up": {"uv": [8, 4, 9, 5], "texture": "#0"},
				"down": {"uv": [8, 4, 9, 5], "texture": "#0"}
			}
		},
		{
			"from": [-1.12, 18.04, -10.75],
			"to": [17.12, 19.27, 0.25],
			"faces": {
				"north": {"uv": [8, 4, 9, 5], "texture": "#0"},
				"east": {"uv": [8, 4, 9, 5], "texture": "#0"},
				"south": {"uv": [8, 4, 9, 5], "texture": "#0"},
				"west": {"uv": [8, 4, 9, 5], "texture": "#0"},
				"up": {"uv": [8, 4, 9, 5], "texture": "#0"},
				"down": {"uv": [8, 4, 9, 5], "texture": "#0"}
			}
		},
		{
			"from": [14.08, 11.07, -7.75],
			"to": [17.12, 18.45, -7.25],
			"rotation": {"angle": 22.5, "axis": "x", "origin": [29.28, 23.78, -8.25]},
			"faces": {
				"north": {"uv": [8, 4, 9, 5], "texture": "#0"},
				"east": {"uv": [8, 4, 9, 5], "texture": "#0"},
				"south": {"uv": [8, 4, 9, 5], "texture": "#0"},
				"west": {"uv": [8, 4, 9, 5], "texture": "#0"},
				"up": {"uv": [8, 4, 9, 5], "texture": "#0"},
				"down": {"uv": [8, 4, 9, 5], "texture": "#0"}
			}
		},
		{
			"from": [1.92, 11.275, -7.75],
			"to": [14.08, 18.45, -7.25],
			"rotation": {"angle": 22.5, "axis": "x", "origin": [11.04, 23.78, -8.25]},
			"faces": {
				"north": {"uv": [0, 0, 16, 16], "rotation": 180, "texture": "#1"},
				"east": {"uv": [0, 0, 16, 16], "rotation": 180, "texture": "#1"},
				"south": {"uv": [0, 0, 16, 16], "rotation": 180, "texture": "#1"},
				"west": {"uv": [0, 0, 16, 16], "rotation": 180, "texture": "#1"},
				"up": {"uv": [0, 0, 16, 16], "rotation": 180, "texture": "#1"},
				"down": {"uv": [0, 0, 16, 16], "rotation": 180, "texture": "#1"}
			}
		},
		{
			"from": [-1.12, 10.865, -7.75],
			"to": [1.92, 18.45, -7.25],
			"rotation": {"angle": 22.5, "axis": "x", "origin": [8, 23.78, -8.25]},
			"faces": {
				"north": {"uv": [8, 4, 9, 5], "texture": "#0"},
				"east": {"uv": [8, 4, 9, 5], "texture": "#0"},
				"south": {"uv": [8, 4, 9, 5], "texture": "#0"},
				"west": {"uv": [8, 4, 9, 5], "texture": "#0"},
				"up": {"uv": [8, 4, 9, 5], "texture": "#0"},
				"down": {"uv": [8, 4, 9, 5], "texture": "#0"}
			}
		},
		{
			"from": [-1.12, 1.23, 31.5],
			"to": [16.74, 4.63, 32],
			"faces": {
				"north": {"uv": [8, 15, 9, 16], "texture": "#0"},
				"east": {"uv": [8, 15, 9, 16], "texture": "#0"},
				"south": {"uv": [8, 15, 9, 16], "texture": "#0"},
				"west": {"uv": [8, 15, 9, 16], "texture": "#0"},
				"up": {"uv": [8, 15, 9, 16], "texture": "#0"},
				"down": {"uv": [8, 15, 9, 16], "texture": "#0"}
			}
		},
		{
			"from": [-0.36, 0, -8.25],
			"to": [15.22, 2.46, -6.25],
			"faces": {
				"north": {"uv": [9, 14, 10, 15], "texture": "#0"},
				"east": {"uv": [9, 14, 10, 15], "texture": "#0"},
				"south": {"uv": [9, 14, 10, 15], "texture": "#0"},
				"west": {"uv": [9, 14, 10, 15], "texture": "#0"},
				"up": {"uv": [9, 14, 10, 15], "texture": "#0"},
				"down": {"uv": [9, 14, 10, 15], "texture": "#0"}
			}
		},
		{
			"from": [-0.36, 0, 24.75],
			"to": [15.22, 2.46, 26.75],
			"faces": {
				"north": {"uv": [9, 14, 10, 15], "texture": "#0"},
				"east": {"uv": [9, 14, 10, 15], "texture": "#0"},
				"south": {"uv": [9, 14, 10, 15], "texture": "#0"},
				"west": {"uv": [9, 14, 10, 15], "texture": "#0"},
				"up": {"uv": [9, 14, 10, 15], "texture": "#0"},
				"down": {"uv": [9, 14, 10, 15], "texture": "#0"}
			}
		},
		{
			"from": [-0.36, 0, 16.5],
			"to": [15.22, 2.46, 18.5],
			"faces": {
				"north": {"uv": [9, 14, 10, 15], "texture": "#0"},
				"east": {"uv": [9, 14, 10, 15], "texture": "#0"},
				"south": {"uv": [9, 14, 10, 15], "texture": "#0"},
				"west": {"uv": [9, 14, 10, 15], "texture": "#0"},
				"up": {"uv": [9, 14, 10, 15], "texture": "#0"},
				"down": {"uv": [9, 14, 10, 15], "texture": "#0"}
			}
		},
		{
			"from": [6.1, 0, -10.75],
			"to": [9.14, 2.46, 28.25],
			"faces": {
				"north": {"uv": [9, 14, 10, 15], "texture": "#0"},
				"east": {"uv": [9, 14, 10, 15], "texture": "#0"},
				"south": {"uv": [9, 14, 10, 15], "texture": "#0"},
				"west": {"uv": [9, 14, 10, 15], "texture": "#0"},
				"up": {"uv": [9, 14, 10, 15], "texture": "#0"},
				"down": {"uv": [9, 14, 10, 15], "texture": "#0"}
			}
		},
		{
			"from": [-1.12, 12.3, 0],
			"to": [16.74, 18.04, 0],
			"faces": {
				"north": {"uv": [8, 4, 9, 5], "texture": "#0"},
				"east": {"uv": [8, 4, 9, 5], "texture": "#0"},
				"south": {"uv": [8, 4, 9, 5], "texture": "#0"},
				"west": {"uv": [8, 4, 9, 5], "texture": "#0"},
				"up": {"uv": [8, 4, 9, 5], "texture": "#0"},
				"down": {"uv": [8, 4, 9, 5], "texture": "#0"}
			}
		},
		{
			"from": [-1.12, 4.305, 0],
			"to": [16.74, 12.3, 0],
			"faces": {
				"north": {"uv": [8, 4, 9, 5], "texture": "#0"},
				"east": {"uv": [8, 4, 9, 5], "texture": "#0"},
				"south": {"uv": [8, 4, 9, 5], "texture": "#0"},
				"west": {"uv": [8, 4, 9, 5], "texture": "#0"},
				"up": {"uv": [8, 4, 9, 5], "texture": "#0"},
				"down": {"uv": [8, 4, 9, 5], "texture": "#0"}
			}
		},
		{
			"from": [6.48, 1.23, -16],
			"to": [10.28, 2.87, -15.9],
			"faces": {
				"north": {"uv": [12, 14, 13, 15], "texture": "#0"},
				"east": {"uv": [12, 14, 13, 15], "texture": "#0"},
				"south": {"uv": [12, 14, 13, 15], "texture": "#0"},
				"west": {"uv": [12, 14, 13, 15], "texture": "#0"},
				"up": {"uv": [12, 14, 13, 15], "texture": "#0"},
				"down": {"uv": [12, 14, 13, 15], "texture": "#0"}
			}
		},
		{
			"from": [-1.12, 2.87, -12.25],
			"to": [15.6, 6.15, -1],
			"faces": {
				"north": {"uv": [8, 14, 9, 15], "texture": "#0"},
				"east": {"uv": [8, 14, 9, 15], "texture": "#0"},
				"south": {"uv": [8, 14, 9, 15], "texture": "#0"},
				"west": {"uv": [8, 14, 9, 15], "texture": "#0"},
				"up": {"uv": [8, 14, 9, 15], "texture": "#0"},
				"down": {"uv": [8, 14, 9, 15], "texture": "#0"}
			}
		},
		{
			"from": [1.92, 6.97, -16],
			"to": [14.06, 8.61, -15],
			"faces": {
				"north": {"uv": [14, 14, 15, 15], "texture": "#0"},
				"east": {"uv": [14, 14, 15, 15], "texture": "#0"},
				"south": {"uv": [14, 14, 15, 15], "texture": "#0"},
				"west": {"uv": [14, 14, 15, 15], "texture": "#0"},
				"up": {"uv": [14, 14, 15, 15], "texture": "#0"},
				"down": {"uv": [14, 14, 15, 15], "texture": "#0"}
			}
		},
		{
			"from": [-1.12, 2.87, -15],
			"to": [17.12, 10.865, -12],
			"faces": {
				"north": {"uv": [8, 4, 9, 5], "texture": "#0"},
				"east": {"uv": [8, 4, 9, 5], "texture": "#0"},
				"south": {"uv": [8, 4, 9, 5], "texture": "#0"},
				"west": {"uv": [8, 4, 9, 5], "texture": "#0"},
				"up": {"uv": [8, 4, 9, 5], "texture": "#0"},
				"down": {"uv": [8, 4, 9, 5], "texture": "#0"}
			}
		},
		{
			"from": [-0.87, 10.865, -14.25],
			"to": [16.87, 12.095, -12],
			"faces": {
				"north": {"uv": [8, 4, 9, 5], "texture": "#0"},
				"east": {"uv": [8, 4, 9, 5], "texture": "#0"},
				"south": {"uv": [8, 4, 9, 5], "texture": "#0"},
				"west": {"uv": [8, 4, 9, 5], "texture": "#0"},
				"up": {"uv": [8, 4, 9, 5], "texture": "#0"},
				"down": {"uv": [8, 4, 9, 5], "texture": "#0"}
			}
		},
		{
			"from": [1.92, 3.69, -15.75],
			"to": [14.08, 6.97, -15.25],
			"faces": {
				"north": {"uv": [7.5, 4, 12.5, 8], "texture": "#2"},
				"east": {"uv": [7.5, 4, 12.5, 8], "texture": "#2"},
				"south": {"uv": [7.5, 4, 12.5, 8], "texture": "#2"},
				"west": {"uv": [7.5, 4, 12.5, 8], "texture": "#2"},
				"up": {"uv": [7.5, 4, 12.5, 8], "texture": "#2"},
				"down": {"uv": [7.5, 4, 12.5, 8], "texture": "#2"}
			}
		},
		{
			"from": [-1.12, 0.41, -15.75],
			"to": [17.12, 2.87, -15],
			"faces": {
				"north": {"uv": [8, 15, 9, 16], "texture": "#0"},
				"east": {"uv": [8, 15, 9, 16], "texture": "#0"},
				"south": {"uv": [8, 15, 9, 16], "texture": "#0"},
				"west": {"uv": [8, 15, 9, 16], "texture": "#0"},
				"up": {"uv": [8, 15, 9, 16], "texture": "#0"},
				"down": {"uv": [8, 15, 9, 16], "texture": "#0"}
			}
		},
		{
			"from": [-1.12, 0.41, -15],
			"to": [17.12, 4.1, 31.5],
			"faces": {
				"north": {"uv": [8, 4, 9, 5], "texture": "#0"},
				"east": {"uv": [8, 4, 9, 5], "texture": "#0"},
				"south": {"uv": [8, 4, 9, 5], "texture": "#0"},
				"west": {"uv": [8, 4, 9, 5], "texture": "#0"},
				"up": {"uv": [8, 4, 9, 5], "texture": "#0"},
				"down": {"uv": [8, 4, 9, 5], "texture": "#0"}
			}
		},
		{
			"from": [8.76, 6.15, -12.25],
			"to": [16.36, 6.97, -5.25],
			"faces": {
				"north": {"uv": [0, 4, 4, 8], "texture": "#2"},
				"east": {"uv": [0, 4, 4, 8], "texture": "#2"},
				"south": {"uv": [0, 4, 4, 8], "texture": "#2"},
				"west": {"uv": [0, 4, 4, 8], "texture": "#2"},
				"up": {"uv": [0, 4, 4, 8], "texture": "#2"},
				"down": {"uv": [0, 4, 4, 8], "texture": "#2"}
			}
		},
		{
			"from": [8.76, 6.15, -5.25],
			"to": [16.36, 14.35, -4.25],
			"faces": {
				"north": {"uv": [0, 4, 4, 8], "texture": "#2"},
				"east": {"uv": [0, 4, 4, 8], "texture": "#2"},
				"south": {"uv": [0, 4, 4, 8], "texture": "#2"},
				"west": {"uv": [0, 4, 4, 8], "texture": "#2"},
				"up": {"uv": [0, 4, 4, 8], "texture": "#2"},
				"down": {"uv": [0, 4, 4, 8], "texture": "#2"}
			}
		},
		{
			"from": [0.02, 6.15, -12.25],
			"to": [7.62, 6.97, -5.25],
			"faces": {
				"north": {"uv": [0, 4, 4, 8], "texture": "#2"},
				"east": {"uv": [0, 4, 4, 8], "texture": "#2"},
				"south": {"uv": [0, 4, 4, 8], "texture": "#2"},
				"west": {"uv": [0, 4, 4, 8], "texture": "#2"},
				"up": {"uv": [0, 4, 4, 8], "texture": "#2"},
				"down": {"uv": [0, 4, 4, 8], "texture": "#2"}
			}
		},
		{
			"from": [0.02, 6.15, -5.25],
			"to": [7.62, 14.35, -4.25],
			"faces": {
				"north": {"uv": [0, 4, 4, 8], "texture": "#2"},
				"east": {"uv": [0, 4, 4, 8], "texture": "#2"},
				"south": {"uv": [0, 4, 4, 8], "texture": "#2"},
				"west": {"uv": [0, 4, 4, 8], "texture": "#2"},
				"up": {"uv": [0, 4, 4, 8], "texture": "#2"},
				"down": {"uv": [0, 4, 4, 8], "texture": "#2"}
			}
		},
		{
			"from": [4.2, 9.84, -12.5],
			"to": [5.72, 11.07, -10.5],
			"faces": {
				"north": {"uv": [12, 14, 13, 15], "texture": "#0"},
				"east": {"uv": [12, 14, 13, 15], "texture": "#0"},
				"south": {"uv": [12, 14, 13, 15], "texture": "#0"},
				"west": {"uv": [12, 14, 13, 15], "texture": "#0"},
				"up": {"uv": [12, 14, 13, 15], "texture": "#0"},
				"down": {"uv": [12, 14, 13, 15], "texture": "#0"}
			}
		},
		{
			"from": [3.06, 12.71, -10.5],
			"to": [3.44, 13.12, -10],
			"faces": {
				"north": {"uv": [12, 14, 13, 15], "texture": "#0"},
				"east": {"uv": [12, 14, 13, 15], "texture": "#0"},
				"south": {"uv": [12, 14, 13, 15], "texture": "#0"},
				"west": {"uv": [12, 14, 13, 15], "texture": "#0"},
				"up": {"uv": [12, 14, 13, 15], "texture": "#0"},
				"down": {"uv": [12, 14, 13, 15], "texture": "#0"}
			}
		},
		{
			"from": [2.68, 9.43, -10.5],
			"to": [3.06, 12.71, -10],
			"faces": {
				"north": {"uv": [12, 14, 13, 15], "texture": "#0"},
				"east": {"uv": [12, 14, 13, 15], "texture": "#0"},
				"south": {"uv": [12, 14, 13, 15], "texture": "#0"},
				"west": {"uv": [12, 14, 13, 15], "texture": "#0"},
				"up": {"uv": [12, 14, 13, 15], "texture": "#0"},
				"down": {"uv": [12, 14, 13, 15], "texture": "#0"}
			}
		},
		{
			"from": [3.44, 9.84, -10.5],
			"to": [6.48, 12.3, -10],
			"faces": {
				"north": {"uv": [12, 14, 13, 15], "texture": "#0"},
				"east": {"uv": [12, 14, 13, 15], "texture": "#0"},
				"south": {"uv": [12, 14, 13, 15], "texture": "#0"},
				"west": {"uv": [12, 14, 13, 15], "texture": "#0"},
				"up": {"uv": [12, 14, 13, 15], "texture": "#0"},
				"down": {"uv": [12, 14, 13, 15], "texture": "#0"}
			}
		},
		{
			"from": [3.44, 8.61, -10.5],
			"to": [3.44, 9.02, -10],
			"faces": {
				"north": {"uv": [12, 14, 13, 15], "texture": "#0"},
				"east": {"uv": [12, 14, 13, 15], "texture": "#0"},
				"south": {"uv": [12, 14, 13, 15], "texture": "#0"},
				"west": {"uv": [12, 14, 13, 15], "texture": "#0"},
				"up": {"uv": [12, 14, 13, 15], "texture": "#0"},
				"down": {"uv": [12, 14, 13, 15], "texture": "#0"}
			}
		},
		{
			"from": [3.06, 9.02, -10.5],
			"to": [3.44, 9.43, -10],
			"faces": {
				"north": {"uv": [12, 14, 13, 15], "texture": "#0"},
				"east": {"uv": [12, 14, 13, 15], "texture": "#0"},
				"south": {"uv": [12, 14, 13, 15], "texture": "#0"},
				"west": {"uv": [12, 14, 13, 15], "texture": "#0"},
				"up": {"uv": [12, 14, 13, 15], "texture": "#0"},
				"down": {"uv": [12, 14, 13, 15], "texture": "#0"}
			}
		},
		{
			"from": [6.48, 9.02, -10.5],
			"to": [6.86, 9.43, -10],
			"faces": {
				"north": {"uv": [12, 14, 13, 15], "texture": "#0"},
				"east": {"uv": [12, 14, 13, 15], "texture": "#0"},
				"south": {"uv": [12, 14, 13, 15], "texture": "#0"},
				"west": {"uv": [12, 14, 13, 15], "texture": "#0"},
				"up": {"uv": [12, 14, 13, 15], "texture": "#0"},
				"down": {"uv": [12, 14, 13, 15], "texture": "#0"}
			}
		},
		{
			"from": [6.86, 9.43, -10.5],
			"to": [7.24, 12.71, -10],
			"faces": {
				"north": {"uv": [12, 14, 13, 15], "texture": "#0"},
				"east": {"uv": [12, 14, 13, 15], "texture": "#0"},
				"south": {"uv": [12, 14, 13, 15], "texture": "#0"},
				"west": {"uv": [12, 14, 13, 15], "texture": "#0"},
				"up": {"uv": [12, 14, 13, 15], "texture": "#0"},
				"down": {"uv": [12, 14, 13, 15], "texture": "#0"}
			}
		},
		{
			"from": [6.48, 12.71, -10.5],
			"to": [6.86, 13.12, -10],
			"faces": {
				"north": {"uv": [12, 14, 13, 15], "texture": "#0"},
				"east": {"uv": [12, 14, 13, 15], "texture": "#0"},
				"south": {"uv": [12, 14, 13, 15], "texture": "#0"},
				"west": {"uv": [12, 14, 13, 15], "texture": "#0"},
				"up": {"uv": [12, 14, 13, 15], "texture": "#0"},
				"down": {"uv": [12, 14, 13, 15], "texture": "#0"}
			}
		},
		{
			"from": [3.44, 13.12, -10.5],
			"to": [6.48, 13.53, -10],
			"faces": {
				"north": {"uv": [12, 14, 13, 15], "texture": "#0"},
				"east": {"uv": [12, 14, 13, 15], "texture": "#0"},
				"south": {"uv": [12, 14, 13, 15], "texture": "#0"},
				"west": {"uv": [12, 14, 13, 15], "texture": "#0"},
				"up": {"uv": [12, 14, 13, 15], "texture": "#0"},
				"down": {"uv": [12, 14, 13, 15], "texture": "#0"}
			}
		},
		{
			"from": [-1.12, 4.12, 2.75],
			"to": [16.74, 4.92, 31.5],
			"faces": {
				"north": {"uv": [8, 5, 9, 6], "texture": "#0"},
				"east": {"uv": [8, 5, 9, 6], "texture": "#0"},
				"south": {"uv": [8, 5, 9, 6], "texture": "#0"},
				"west": {"uv": [8, 5, 9, 6], "texture": "#0"},
				"up": {"uv": [8, 5, 9, 6], "texture": "#0"},
				"down": {"uv": [8, 5, 9, 6], "texture": "#0"}
			}
		},
		{
			"from": [-1.12, 2.87, -1],
			"to": [16.74, 4.92, 0.5],
			"faces": {
				"north": {"uv": [8, 4, 9, 5], "texture": "#0"},
				"east": {"uv": [8, 4, 9, 5], "texture": "#0"},
				"south": {"uv": [8, 4, 9, 5], "texture": "#0"},
				"west": {"uv": [8, 4, 9, 5], "texture": "#0"},
				"up": {"uv": [8, 4, 9, 5], "texture": "#0"},
				"down": {"uv": [8, 4, 9, 5], "texture": "#0"}
			}
		},
		{
			"from": [16.74, 11.685, -8.75],
			"to": [17.12, 18.04, 0],
			"faces": {
				"north": {"uv": [8, 4, 9, 5], "texture": "#0"},
				"east": {"uv": [8, 4, 9, 5], "texture": "#0"},
				"south": {"uv": [8, 4, 9, 5], "texture": "#0"},
				"west": {"uv": [8, 4, 9, 5], "texture": "#0"},
				"up": {"uv": [8, 4, 9, 5], "texture": "#0"},
				"down": {"uv": [8, 4, 9, 5], "texture": "#0"}
			}
		},
		{
			"from": [-1.1352, 12.095, -8.75],
			"to": [-0.7552, 18.04, 0],
			"faces": {
				"north": {"uv": [8, 4, 9, 5], "texture": "#0"},
				"east": {"uv": [8, 4, 9, 5], "texture": "#0"},
				"south": {"uv": [8, 4, 9, 5], "texture": "#0"},
				"west": {"uv": [8, 4, 9, 5], "texture": "#0"},
				"up": {"uv": [8, 4, 9, 5], "texture": "#0"},
				"down": {"uv": [8, 4, 9, 5], "texture": "#0"}
			}
		},
		{
			"from": [16.7552, 4.92, -14.25],
			"to": [17.1352, 8.61, 0],
			"faces": {
				"north": {"uv": [8, 4, 9, 5], "texture": "#0"},
				"east": {"uv": [8, 4, 9, 5], "texture": "#0"},
				"south": {"uv": [8, 4, 9, 5], "texture": "#0"},
				"west": {"uv": [8, 4, 9, 5], "texture": "#0"},
				"up": {"uv": [8, 4, 9, 5], "texture": "#0"},
				"down": {"uv": [8, 4, 9, 5], "texture": "#0"}
			}
		},
		{
			"from": [16.7552, 9.635, -14],
			"to": [17.1352, 12.095, 0],
			"faces": {
				"north": {"uv": [8, 4, 9, 5], "texture": "#0"},
				"east": {"uv": [8, 4, 9, 5], "texture": "#0"},
				"south": {"uv": [8, 4, 9, 5], "texture": "#0"},
				"west": {"uv": [8, 4, 9, 5], "texture": "#0"},
				"up": {"uv": [8, 4, 9, 5], "texture": "#0"},
				"down": {"uv": [8, 4, 9, 5], "texture": "#0"}
			}
		},
		{
			"from": [16.7552, 8.61, -14],
			"to": [17.1352, 9.635, 0],
			"faces": {
				"north": {"uv": [8, 4, 9, 5], "texture": "#0"},
				"east": {"uv": [8, 4, 9, 5], "texture": "#0"},
				"south": {"uv": [8, 4, 9, 5], "texture": "#0"},
				"west": {"uv": [8, 4, 9, 5], "texture": "#0"},
				"up": {"uv": [8, 4, 9, 5], "texture": "#0"},
				"down": {"uv": [8, 4, 9, 5], "texture": "#0"}
			}
		},
		{
			"from": [-1.1352, 4.92, -14.25],
			"to": [-0.7552, 8.61, 0],
			"faces": {
				"north": {"uv": [8, 4, 9, 5], "texture": "#0"},
				"east": {"uv": [8, 4, 9, 5], "texture": "#0"},
				"south": {"uv": [8, 4, 9, 5], "texture": "#0"},
				"west": {"uv": [8, 4, 9, 5], "texture": "#0"},
				"up": {"uv": [8, 4, 9, 5], "texture": "#0"},
				"down": {"uv": [8, 4, 9, 5], "texture": "#0"}
			}
		},
		{
			"from": [-1.1352, 9.635, -14],
			"to": [-0.7552, 12.095, 0],
			"faces": {
				"north": {"uv": [8, 4, 9, 5], "texture": "#0"},
				"east": {"uv": [8, 4, 9, 5], "texture": "#0"},
				"south": {"uv": [8, 4, 9, 5], "texture": "#0"},
				"west": {"uv": [8, 4, 9, 5], "texture": "#0"},
				"up": {"uv": [8, 4, 9, 5], "texture": "#0"},
				"down": {"uv": [8, 4, 9, 5], "texture": "#0"}
			}
		},
		{
			"from": [-1.1352, 8.61, -14],
			"to": [-0.7552, 9.635, 0],
			"faces": {
				"north": {"uv": [8, 4, 9, 5], "texture": "#0"},
				"east": {"uv": [8, 4, 9, 5], "texture": "#0"},
				"south": {"uv": [8, 4, 9, 5], "texture": "#0"},
				"west": {"uv": [8, 4, 9, 5], "texture": "#0"},
				"up": {"uv": [8, 4, 9, 5], "texture": "#0"},
				"down": {"uv": [8, 4, 9, 5], "texture": "#0"}
			}
		},
		{
			"from": [0.02, 21.17, 2.5],
			"to": [15.6, 22.4, 26],
			"faces": {
				"north": {"uv": [8, 5, 9, 6], "texture": "#0"},
				"east": {"uv": [8, 5, 9, 6], "texture": "#0"},
				"south": {"uv": [8, 5, 9, 6], "texture": "#0"},
				"west": {"uv": [8, 5, 9, 6], "texture": "#0"},
				"up": {"uv": [8, 5, 9, 6], "texture": "#0"},
				"down": {"uv": [8, 5, 9, 6], "texture": "#0"}
			}
		},
		{
			"from": [0.02, 2.17, 1],
			"to": [15.6, 21.15, 2.5],
			"faces": {
				"north": {"uv": [8, 5, 9, 6], "texture": "#0"},
				"east": {"uv": [8, 5, 9, 6], "texture": "#0"},
				"south": {"uv": [8, 5, 9, 6], "texture": "#0"},
				"west": {"uv": [8, 5, 9, 6], "texture": "#0"},
				"up": {"uv": [8, 5, 9, 6], "texture": "#0"},
				"down": {"uv": [8, 5, 9, 6], "texture": "#0"}
			}
		},
		{
			"from": [-2.48, 4.67, 2.5],
			"to": [0.02, 22.4, 26],
			"faces": {
				"north": {"uv": [8, 5, 9, 6], "texture": "#0"},
				"east": {"uv": [8, 5, 9, 6], "texture": "#0"},
				"south": {"uv": [8, 5, 9, 6], "texture": "#0"},
				"west": {"uv": [8, 5, 9, 6], "texture": "#0"},
				"up": {"uv": [8, 5, 9, 6], "texture": "#0"},
				"down": {"uv": [8, 5, 9, 6], "texture": "#0"}
			}
		},
		{
			"from": [-2.73, 12.42, 9],
			"to": [-2.48, 21.65, 18.25],
			"faces": {
				"north": {"uv": [8, 5, 9, 6], "texture": "#0"},
				"east": {"uv": [8, 5, 9, 6], "texture": "#0"},
				"south": {"uv": [8, 5, 9, 6], "texture": "#0"},
				"west": {"uv": [0, 0, 16, 16], "texture": "#3"},
				"up": {"uv": [8, 5, 9, 6], "texture": "#0"},
				"down": {"uv": [8, 5, 9, 6], "texture": "#0"}
			}
		},
		{
			"from": [18.02, 12.42, 9],
			"to": [18.27, 21.65, 18.25],
			"faces": {
				"north": {"uv": [8, 5, 9, 6], "texture": "#0"},
				"east": {"uv": [0, 0, 16, 16], "texture": "#3"},
				"south": {"uv": [8, 5, 9, 6], "texture": "#0"},
				"west": {"uv": [8, 5, 9, 6], "texture": "#0"},
				"up": {"uv": [8, 5, 9, 6], "rotation": 180, "texture": "#0"},
				"down": {"uv": [8, 5, 9, 6], "rotation": 180, "texture": "#0"}
			}
		},
		{
			"from": [-2.48, -4.83, 22.75],
			"to": [0.02, 14.9, 28.25],
			"rotation": {"angle": -22.5, "axis": "x", "origin": [8, 8, 8]},
			"faces": {
				"north": {"uv": [8, 5, 9, 6], "texture": "#0"},
				"east": {"uv": [8, 5, 9, 6], "texture": "#0"},
				"south": {"uv": [8, 5, 9, 6], "texture": "#0"},
				"west": {"uv": [8, 5, 9, 6], "texture": "#0"},
				"up": {"uv": [8, 5, 9, 6], "texture": "#0"},
				"down": {"uv": [8, 5, 9, 6], "texture": "#0"}
			}
		},
		{
			"from": [15.52, -4.83, 22.75],
			"to": [18.02, 14.9, 28.25],
			"rotation": {"angle": -22.5, "axis": "x", "origin": [26, 8, 8]},
			"faces": {
				"north": {"uv": [8, 5, 9, 6], "texture": "#0"},
				"east": {"uv": [8, 5, 9, 6], "texture": "#0"},
				"south": {"uv": [8, 5, 9, 6], "texture": "#0"},
				"west": {"uv": [8, 5, 9, 6], "texture": "#0"},
				"up": {"uv": [8, 5, 9, 6], "texture": "#0"},
				"down": {"uv": [8, 5, 9, 6], "texture": "#0"}
			}
		},
		{
			"from": [0.77, -2.33, 20.75],
			"to": [4.77, 2.65, 24.25],
			"rotation": {"angle": -22.5, "axis": "x", "origin": [18.5, 7.75, 9.5]},
			"faces": {
				"north": {"uv": [6, 15, 7, 16], "texture": "#0"},
				"east": {"uv": [6, 15, 7, 16], "texture": "#0"},
				"south": {"uv": [6, 15, 7, 16], "texture": "#0"},
				"west": {"uv": [6, 15, 7, 16], "texture": "#0"},
				"up": {"uv": [6, 15, 7, 16], "texture": "#0"},
				"down": {"uv": [6, 15, 7, 16], "texture": "#0"}
			}
		},
		{
			"from": [11.27, -2.33, 20.75],
			"to": [15.27, 2.65, 24.25],
			"rotation": {"angle": -22.5, "axis": "x", "origin": [29, 7.75, 9.5]},
			"faces": {
				"north": {"uv": [6, 15, 7, 16], "texture": "#0"},
				"east": {"uv": [6, 15, 7, 16], "texture": "#0"},
				"south": {"uv": [6, 15, 7, 16], "texture": "#0"},
				"west": {"uv": [6, 15, 7, 16], "texture": "#0"},
				"up": {"uv": [6, 15, 7, 16], "texture": "#0"},
				"down": {"uv": [6, 15, 7, 16], "texture": "#0"}
			}
		},
		{
			"from": [7.52, -2.33, 20.75],
			"to": [11.27, 2.65, 24],
			"rotation": {"angle": -22.5, "axis": "x", "origin": [25.25, 7.75, 9.5]},
			"faces": {
				"north": {"uv": [7, 15, 8, 16], "texture": "#0"},
				"east": {"uv": [7, 15, 8, 16], "texture": "#0"},
				"south": {"uv": [7, 15, 8, 16], "texture": "#0"},
				"west": {"uv": [7, 15, 8, 16], "texture": "#0"},
				"up": {"uv": [7, 15, 8, 16], "texture": "#0"},
				"down": {"uv": [7, 15, 8, 16], "texture": "#0"}
			}
		},
		{
			"from": [5.52, -3.08, 20.75],
			"to": [7.52, 0.15, 25],
			"rotation": {"angle": -22.5, "axis": "x", "origin": [23.25, 7.75, 9.5]},
			"faces": {
				"north": {"uv": [6, 4, 7, 5], "texture": "#0"},
				"east": {"uv": [6, 4, 7, 5], "texture": "#0"},
				"south": {"uv": [6, 4, 7, 5], "texture": "#0"},
				"west": {"uv": [6, 4, 7, 5], "texture": "#0"},
				"up": {"uv": [6, 4, 7, 5], "texture": "#0"},
				"down": {"uv": [6, 4, 7, 5], "texture": "#0"}
			}
		},
		{
			"from": [9.52, 2.92, 19.75],
			"to": [13.52, 5.9, 21.75],
			"rotation": {"angle": -22.5, "axis": "x", "origin": [27.25, 11, 9.5]},
			"faces": {
				"north": {"uv": [6, 15, 7, 16], "texture": "#0"},
				"east": {"uv": [6, 15, 7, 16], "texture": "#0"},
				"south": {"uv": [6, 15, 7, 16], "texture": "#0"},
				"west": {"uv": [6, 15, 7, 16], "texture": "#0"},
				"up": {"uv": [6, 15, 7, 16], "texture": "#0"},
				"down": {"uv": [6, 15, 7, 16], "texture": "#0"}
			}
		},
		{
			"from": [4.52, -0.83, 19.75],
			"to": [8.52, 2.15, 21.75],
			"rotation": {"angle": -22.5, "axis": "x", "origin": [22.25, 7.25, 9.5]},
			"faces": {
				"north": {"uv": [4, 1, 5, 2], "texture": "#0"},
				"east": {"uv": [4, 1, 5, 2], "texture": "#0"},
				"south": {"uv": [4, 1, 5, 2], "texture": "#0"},
				"west": {"uv": [4, 1, 5, 2], "texture": "#0"},
				"up": {"uv": [4, 1, 5, 2], "texture": "#0"},
				"down": {"uv": [4, 1, 5, 2], "texture": "#0"}
			}
		},
		{
			"from": [0.02, -4.33, 20.75],
			"to": [16.02, 13.15, 20.75],
			"rotation": {"angle": -22.5, "axis": "x", "origin": [18.5, 8, 6]},
			"faces": {
				"north": {"uv": [9, 14, 10, 15], "texture": "#0"},
				"east": {"uv": [9, 14, 10, 15], "texture": "#0"},
				"south": {"uv": [9, 14, 10, 15], "texture": "#0"},
				"west": {"uv": [9, 14, 10, 15], "texture": "#0"},
				"up": {"uv": [9, 14, 10, 15], "texture": "#0"},
				"down": {"uv": [9, 14, 10, 15], "texture": "#0"}
			}
		},
		{
			"from": [0.02, 13.08766, 14.51003],
			"to": [16.02, 18.06766, 20.75],
			"rotation": {"angle": 22.5, "axis": "x", "origin": [8.03863, 9.30519, 19.00505]},
			"faces": {
				"north": {"uv": [8, 6, 9, 7], "texture": "#0"},
				"east": {"uv": [8, 6, 9, 7], "texture": "#0"},
				"south": {"uv": [8, 6, 9, 7], "texture": "#0"},
				"west": {"uv": [8, 6, 9, 7], "texture": "#0"},
				"up": {"uv": [8, 6, 9, 7], "texture": "#0"},
				"down": {"uv": [8, 6, 9, 7], "texture": "#0"}
			}
		},
		{
			"from": [-1.98, 13.58766, 27.26003],
			"to": [17.02, 22.81766, 29.75],
			"rotation": {"angle": -22.5, "axis": "x", "origin": [8.03863, 13.55519, 30.00505]},
			"faces": {
				"north": {"uv": [8, 5, 9, 6], "texture": "#0"},
				"east": {"uv": [8, 5, 9, 6], "texture": "#0"},
				"south": {"uv": [8, 5, 9, 6], "texture": "#0"},
				"west": {"uv": [8, 5, 9, 6], "texture": "#0"},
				"up": {"uv": [8, 5, 9, 6], "texture": "#0"},
				"down": {"uv": [8, 5, 9, 6], "texture": "#0"}
			}
		},
		{
			"from": [15.52, 4.67, 2.5],
			"to": [18.02, 22.4, 26],
			"faces": {
				"north": {"uv": [8, 5, 9, 6], "texture": "#0"},
				"east": {"uv": [8, 5, 9, 6], "texture": "#0"},
				"south": {"uv": [8, 5, 9, 6], "texture": "#0"},
				"west": {"uv": [8, 5, 9, 6], "texture": "#0"},
				"up": {"uv": [8, 5, 9, 6], "texture": "#0"},
				"down": {"uv": [8, 5, 9, 6], "texture": "#0"}
			}
		},
		{
			"from": [15.21, -2.46, 16.75],
			"to": [18.25, 3.69, 18.75],
			"faces": {
				"north": {"uv": [0, 12, 4, 16], "rotation": 180, "texture": "#2"},
				"east": {"uv": [0, 9, 4, 11], "rotation": 90, "texture": "#2"},
				"south": {"uv": [0, 12, 4, 16], "texture": "#2"},
				"west": {"uv": [0, 9, 4, 11], "rotation": 270, "texture": "#2"},
				"up": {"uv": [0, 12, 4, 16], "texture": "#2"},
				"down": {"uv": [0, 12, 4, 16], "rotation": 180, "texture": "#2"}
			}
		},
		{
			"from": [15.21, -0.19598, 14.68331],
			"to": [18.25, 1.44402, 20.93331],
			"faces": {
				"north": {"uv": [0, 12, 4, 16], "texture": "#2"},
				"east": {"uv": [0, 9, 4, 11], "texture": "#2"},
				"south": {"uv": [0, 12, 4, 16], "texture": "#2"},
				"west": {"uv": [0, 9, 4, 11], "texture": "#2"},
				"up": {"uv": [0, 12, 4, 16], "texture": "#2"},
				"down": {"uv": [0, 12, 4, 16], "texture": "#2"}
			}
		},
		{
			"from": [15.21, -0.19598, 14.68331],
			"to": [18.25, 1.44402, 20.93331],
			"rotation": {"angle": -45, "axis": "x", "origin": [16.71907, 0.64686, 17.72216]},
			"faces": {
				"north": {"uv": [0, 12, 4, 16], "texture": "#2"},
				"east": {"uv": [0, 9, 4, 11], "texture": "#2"},
				"south": {"uv": [0, 12, 4, 16], "texture": "#2"},
				"west": {"uv": [0, 9, 4, 11], "texture": "#2"},
				"up": {"uv": [0, 12, 4, 16], "texture": "#2"},
				"down": {"uv": [0, 12, 4, 16], "texture": "#2"}
			}
		},
		{
			"from": [15.21, -0.19598, 14.68331],
			"to": [18.25, 1.44402, 20.93331],
			"rotation": {"angle": 45, "axis": "x", "origin": [16.71907, 0.64686, 17.72216]},
			"faces": {
				"north": {"uv": [0, 12, 4, 16], "texture": "#2"},
				"east": {"uv": [0, 9, 4, 11], "texture": "#2"},
				"south": {"uv": [0, 12, 4, 16], "texture": "#2"},
				"west": {"uv": [0, 9, 4, 11], "texture": "#2"},
				"up": {"uv": [0, 12, 4, 16], "texture": "#2"},
				"down": {"uv": [0, 12, 4, 16], "texture": "#2"}
			}
		},
		{
			"from": [15.21, -2.46, 16.75],
			"to": [18.25, 3.69, 18.75],
			"rotation": {"angle": 22.5, "axis": "x", "origin": [16.71907, 0.64686, 17.72216]},
			"faces": {
				"north": {"uv": [0, 12, 4, 16], "rotation": 180, "texture": "#2"},
				"east": {"uv": [0, 9, 4, 11], "rotation": 90, "texture": "#2"},
				"south": {"uv": [0, 12, 4, 16], "texture": "#2"},
				"west": {"uv": [0, 9, 4, 11], "rotation": 270, "texture": "#2"},
				"up": {"uv": [0, 12, 4, 16], "texture": "#2"},
				"down": {"uv": [0, 12, 4, 16], "rotation": 180, "texture": "#2"}
			}
		},
		{
			"from": [15.21, -0.19598, 14.68331],
			"to": [18.25, 1.44402, 20.93331],
			"rotation": {"angle": 22.5, "axis": "x", "origin": [16.71907, 0.64686, 17.72216]},
			"faces": {
				"north": {"uv": [0, 12, 4, 16], "texture": "#2"},
				"east": {"uv": [0, 9, 4, 11], "texture": "#2"},
				"south": {"uv": [0, 12, 4, 16], "texture": "#2"},
				"west": {"uv": [0, 9, 4, 11], "texture": "#2"},
				"up": {"uv": [0, 12, 4, 16], "texture": "#2"},
				"down": {"uv": [0, 12, 4, 16], "texture": "#2"}
			}
		},
		{
			"from": [15.21, -0.19598, 14.68331],
			"to": [18.25, 1.44402, 20.93331],
			"rotation": {"angle": -22.5, "axis": "x", "origin": [16.71907, 0.64686, 17.72216]},
			"faces": {
				"north": {"uv": [0, 12, 4, 16], "texture": "#2"},
				"east": {"uv": [0, 9, 4, 11], "texture": "#2"},
				"south": {"uv": [0, 12, 4, 16], "texture": "#2"},
				"west": {"uv": [0, 9, 4, 11], "texture": "#2"},
				"up": {"uv": [0, 12, 4, 16], "texture": "#2"},
				"down": {"uv": [0, 12, 4, 16], "texture": "#2"}
			}
		},
		{
			"from": [15.21, -2.39629, 16.69431],
			"to": [18.25, 3.75371, 18.69431],
			"rotation": {"angle": -22.5, "axis": "x", "origin": [16.71907, 0.64686, 17.72216]},
			"faces": {
				"north": {"uv": [0, 12, 4, 16], "rotation": 180, "texture": "#2"},
				"east": {"uv": [0, 9, 4, 11], "rotation": 270, "texture": "#2"},
				"south": {"uv": [0, 12, 4, 16], "texture": "#2"},
				"west": {"uv": [0, 9, 4, 11], "rotation": 90, "texture": "#2"},
				"up": {"uv": [0, 12, 4, 16], "rotation": 180, "texture": "#2"},
				"down": {"uv": [0, 12, 4, 16], "texture": "#2"}
			}
		},
		{
			"from": [15.21, -2.46, -8],
			"to": [18.25, 3.69, -6.5],
			"faces": {
				"north": {"uv": [0, 12, 4, 16], "rotation": 180, "texture": "#2"},
				"east": {"uv": [0, 9, 4, 11], "rotation": 90, "texture": "#2"},
				"south": {"uv": [0, 12, 4, 16], "texture": "#2"},
				"west": {"uv": [0, 9, 4, 11], "rotation": 270, "texture": "#2"},
				"up": {"uv": [0, 12, 4, 16], "texture": "#2"},
				"down": {"uv": [0, 12, 4, 16], "rotation": 180, "texture": "#2"}
			}
		},
		{
			"from": [15.21, -0.19598, -10.31669],
			"to": [18.25, 1.44402, -4.06669],
			"faces": {
				"north": {"uv": [0, 12, 4, 16], "texture": "#2"},
				"east": {"uv": [0, 9, 4, 11], "texture": "#2"},
				"south": {"uv": [0, 12, 4, 16], "texture": "#2"},
				"west": {"uv": [0, 9, 4, 11], "texture": "#2"},
				"up": {"uv": [0, 12, 4, 16], "texture": "#2"},
				"down": {"uv": [0, 12, 4, 16], "texture": "#2"}
			}
		},
		{
			"from": [15.21, -0.19598, -10.31669],
			"to": [18.25, 1.44402, -4.06669],
			"rotation": {"angle": -45, "axis": "x", "origin": [16.71907, 0.64686, -7.27784]},
			"faces": {
				"north": {"uv": [0, 12, 4, 16], "texture": "#2"},
				"east": {"uv": [0, 9, 4, 11], "texture": "#2"},
				"south": {"uv": [0, 12, 4, 16], "texture": "#2"},
				"west": {"uv": [0, 9, 4, 11], "texture": "#2"},
				"up": {"uv": [0, 12, 4, 16], "texture": "#2"},
				"down": {"uv": [0, 12, 4, 16], "texture": "#2"}
			}
		},
		{
			"from": [15.21, -0.19598, -10.31669],
			"to": [18.25, 1.44402, -4.06669],
			"rotation": {"angle": 45, "axis": "x", "origin": [16.71907, 0.64686, -7.27784]},
			"faces": {
				"north": {"uv": [0, 12, 4, 16], "texture": "#2"},
				"east": {"uv": [0, 9, 4, 11], "texture": "#2"},
				"south": {"uv": [0, 12, 4, 16], "texture": "#2"},
				"west": {"uv": [0, 9, 4, 11], "texture": "#2"},
				"up": {"uv": [0, 12, 4, 16], "texture": "#2"},
				"down": {"uv": [0, 12, 4, 16], "texture": "#2"}
			}
		},
		{
			"from": [15.21, -2.46, -8],
			"to": [18.25, 3.69, -6.5],
			"rotation": {"angle": 22.5, "axis": "x", "origin": [16.71907, 0.64686, -7.27784]},
			"faces": {
				"north": {"uv": [0, 12, 4, 16], "rotation": 180, "texture": "#2"},
				"east": {"uv": [0, 9, 4, 11], "rotation": 90, "texture": "#2"},
				"south": {"uv": [0, 12, 4, 16], "texture": "#2"},
				"west": {"uv": [0, 9, 4, 11], "rotation": 270, "texture": "#2"},
				"up": {"uv": [0, 12, 4, 16], "texture": "#2"},
				"down": {"uv": [0, 12, 4, 16], "rotation": 180, "texture": "#2"}
			}
		},
		{
			"from": [15.21, -0.19598, -10.31669],
			"to": [18.25, 1.44402, -4.06669],
			"rotation": {"angle": 22.5, "axis": "x", "origin": [16.71907, 0.64686, -7.27784]},
			"faces": {
				"north": {"uv": [0, 12, 4, 16], "texture": "#2"},
				"east": {"uv": [0, 9, 4, 11], "texture": "#2"},
				"south": {"uv": [0, 12, 4, 16], "texture": "#2"},
				"west": {"uv": [0, 9, 4, 11], "texture": "#2"},
				"up": {"uv": [0, 12, 4, 16], "texture": "#2"},
				"down": {"uv": [0, 12, 4, 16], "texture": "#2"}
			}
		},
		{
			"from": [15.21, -0.19598, -10.31669],
			"to": [18.25, 1.44402, -4.06669],
			"rotation": {"angle": -22.5, "axis": "x", "origin": [16.71907, 0.64686, -7.27784]},
			"faces": {
				"north": {"uv": [0, 12, 4, 16], "texture": "#2"},
				"east": {"uv": [0, 9, 4, 11], "texture": "#2"},
				"south": {"uv": [0, 12, 4, 16], "texture": "#2"},
				"west": {"uv": [0, 9, 4, 11], "texture": "#2"},
				"up": {"uv": [0, 12, 4, 16], "texture": "#2"},
				"down": {"uv": [0, 12, 4, 16], "texture": "#2"}
			}
		},
		{
			"from": [15.21, -2.39629, -8.05569],
			"to": [18.25, 3.75371, -6.55569],
			"rotation": {"angle": -22.5, "axis": "x", "origin": [16.71907, 0.64686, -7.27784]},
			"faces": {
				"north": {"uv": [0, 12, 4, 16], "rotation": 180, "texture": "#2"},
				"east": {"uv": [0, 9, 4, 11], "rotation": 270, "texture": "#2"},
				"south": {"uv": [0, 12, 4, 16], "texture": "#2"},
				"west": {"uv": [0, 9, 4, 11], "rotation": 90, "texture": "#2"},
				"up": {"uv": [0, 12, 4, 16], "rotation": 180, "texture": "#2"},
				"down": {"uv": [0, 12, 4, 16], "texture": "#2"}
			}
		},
		{
			"from": [15.21, -2.46, 25.75],
			"to": [18.25, 3.69, 27.25],
			"faces": {
				"north": {"uv": [0, 12, 4, 16], "rotation": 180, "texture": "#2"},
				"east": {"uv": [0, 9, 4, 11], "rotation": 90, "texture": "#2"},
				"south": {"uv": [0, 12, 4, 16], "texture": "#2"},
				"west": {"uv": [0, 9, 4, 11], "rotation": 270, "texture": "#2"},
				"up": {"uv": [0, 12, 4, 16], "texture": "#2"},
				"down": {"uv": [0, 12, 4, 16], "rotation": 180, "texture": "#2"}
			}
		},
		{
			"from": [15.21, -0.19598, 23.43331],
			"to": [18.25, 1.44402, 29.43331],
			"faces": {
				"north": {"uv": [0, 12, 4, 16], "texture": "#2"},
				"east": {"uv": [0, 9, 4, 11], "texture": "#2"},
				"south": {"uv": [0, 12, 4, 16], "texture": "#2"},
				"west": {"uv": [0, 9, 4, 11], "texture": "#2"},
				"up": {"uv": [0, 12, 4, 16], "texture": "#2"},
				"down": {"uv": [0, 12, 4, 16], "texture": "#2"}
			}
		},
		{
			"from": [15.21, -0.19598, 23.43331],
			"to": [18.25, 1.44402, 29.43331],
			"rotation": {"angle": -45, "axis": "x", "origin": [16.71907, 0.64686, 26.47216]},
			"faces": {
				"north": {"uv": [0, 12, 4, 16], "texture": "#2"},
				"east": {"uv": [0, 9, 4, 11], "texture": "#2"},
				"south": {"uv": [0, 12, 4, 16], "texture": "#2"},
				"west": {"uv": [0, 9, 4, 11], "texture": "#2"},
				"up": {"uv": [0, 12, 4, 16], "texture": "#2"},
				"down": {"uv": [0, 12, 4, 16], "texture": "#2"}
			}
		},
		{
			"from": [15.21, -0.19598, 23.43331],
			"to": [18.25, 1.44402, 29.43331],
			"rotation": {"angle": 45, "axis": "x", "origin": [16.71907, 0.64686, 26.47216]},
			"faces": {
				"north": {"uv": [0, 12, 4, 16], "texture": "#2"},
				"east": {"uv": [0, 9, 4, 11], "texture": "#2"},
				"south": {"uv": [0, 12, 4, 16], "texture": "#2"},
				"west": {"uv": [0, 9, 4, 11], "texture": "#2"},
				"up": {"uv": [0, 12, 4, 16], "texture": "#2"},
				"down": {"uv": [0, 12, 4, 16], "texture": "#2"}
			}
		},
		{
			"from": [15.21, -2.46, 25.75],
			"to": [18.25, 3.69, 27.25],
			"rotation": {"angle": 22.5, "axis": "x", "origin": [16.71907, 0.64686, 26.47216]},
			"faces": {
				"north": {"uv": [0, 12, 4, 16], "rotation": 180, "texture": "#2"},
				"east": {"uv": [0, 9, 4, 11], "rotation": 90, "texture": "#2"},
				"south": {"uv": [0, 12, 4, 16], "texture": "#2"},
				"west": {"uv": [0, 9, 4, 11], "rotation": 270, "texture": "#2"},
				"up": {"uv": [0, 12, 4, 16], "texture": "#2"},
				"down": {"uv": [0, 12, 4, 16], "rotation": 180, "texture": "#2"}
			}
		},
		{
			"from": [15.21, -0.19598, 23.43331],
			"to": [18.25, 1.44402, 29.43331],
			"rotation": {"angle": 22.5, "axis": "x", "origin": [16.71907, 0.64686, 26.47216]},
			"faces": {
				"north": {"uv": [0, 12, 4, 16], "texture": "#2"},
				"east": {"uv": [0, 9, 4, 11], "texture": "#2"},
				"south": {"uv": [0, 12, 4, 16], "texture": "#2"},
				"west": {"uv": [0, 9, 4, 11], "texture": "#2"},
				"up": {"uv": [0, 12, 4, 16], "texture": "#2"},
				"down": {"uv": [0, 12, 4, 16], "texture": "#2"}
			}
		},
		{
			"from": [15.21, -0.19598, 23.43331],
			"to": [18.25, 1.44402, 29.43331],
			"rotation": {"angle": -22.5, "axis": "x", "origin": [16.71907, 0.64686, 26.47216]},
			"faces": {
				"north": {"uv": [0, 12, 4, 16], "texture": "#2"},
				"east": {"uv": [0, 9, 4, 11], "texture": "#2"},
				"south": {"uv": [0, 12, 4, 16], "texture": "#2"},
				"west": {"uv": [0, 9, 4, 11], "texture": "#2"},
				"up": {"uv": [0, 12, 4, 16], "texture": "#2"},
				"down": {"uv": [0, 12, 4, 16], "texture": "#2"}
			}
		},
		{
			"from": [15.21, -2.39629, 25.69431],
			"to": [18.25, 3.75371, 27.19431],
			"rotation": {"angle": -22.5, "axis": "x", "origin": [16.71907, 0.64686, 26.47216]},
			"faces": {
				"north": {"uv": [0, 12, 4, 16], "rotation": 180, "texture": "#2"},
				"east": {"uv": [0, 9, 4, 11], "rotation": 270, "texture": "#2"},
				"south": {"uv": [0, 12, 4, 16], "texture": "#2"},
				"west": {"uv": [0, 9, 4, 11], "rotation": 90, "texture": "#2"},
				"up": {"uv": [0, 12, 4, 16], "rotation": 180, "texture": "#2"},
				"down": {"uv": [0, 12, 4, 16], "texture": "#2"}
			}
		},
		{
			"from": [-2.54, -2.46, 25.5],
			"to": [0.5, 3.69, 27.5],
			"faces": {
				"north": {"uv": [0, 12, 4, 16], "rotation": 180, "texture": "#2"},
				"east": {"uv": [0, 9, 4, 11], "rotation": 90, "texture": "#2"},
				"south": {"uv": [0, 12, 4, 16], "texture": "#2"},
				"west": {"uv": [0, 9, 4, 11], "rotation": 270, "texture": "#2"},
				"up": {"uv": [0, 12, 4, 16], "texture": "#2"},
				"down": {"uv": [0, 12, 4, 16], "rotation": 180, "texture": "#2"}
			}
		},
		{
			"from": [-2.54, -0.19598, 23.18331],
			"to": [0.5, 1.44402, 29.75],
			"faces": {
				"north": {"uv": [0, 12, 4, 16], "texture": "#2"},
				"east": {"uv": [0, 9, 4, 11], "texture": "#2"},
				"south": {"uv": [0, 12, 4, 16], "texture": "#2"},
				"west": {"uv": [0, 9, 4, 11], "texture": "#2"},
				"up": {"uv": [0, 12, 4, 16], "texture": "#2"},
				"down": {"uv": [0, 12, 4, 16], "texture": "#2"}
			}
		},
		{
			"from": [-2.54, -0.19598, 23.18331],
			"to": [0.5, 1.44402, 29.68331],
			"rotation": {"angle": -45, "axis": "x", "origin": [-1.03093, 0.64686, 26.47216]},
			"faces": {
				"north": {"uv": [0, 12, 4, 16], "texture": "#2"},
				"east": {"uv": [0, 9, 4, 11], "texture": "#2"},
				"south": {"uv": [0, 12, 4, 16], "texture": "#2"},
				"west": {"uv": [0, 9, 4, 11], "texture": "#2"},
				"up": {"uv": [0, 12, 4, 16], "texture": "#2"},
				"down": {"uv": [0, 12, 4, 16], "texture": "#2"}
			}
		},
		{
			"from": [-2.54, -0.19598, 23.18331],
			"to": [0.5, 1.44402, 29.68331],
			"rotation": {"angle": 45, "axis": "x", "origin": [-1.03093, 0.64686, 26.47216]},
			"faces": {
				"north": {"uv": [0, 12, 4, 16], "texture": "#2"},
				"east": {"uv": [0, 9, 4, 11], "texture": "#2"},
				"south": {"uv": [0, 12, 4, 16], "texture": "#2"},
				"west": {"uv": [0, 9, 4, 11], "texture": "#2"},
				"up": {"uv": [0, 12, 4, 16], "texture": "#2"},
				"down": {"uv": [0, 12, 4, 16], "texture": "#2"}
			}
		},
		{
			"from": [-2.54, -2.46, 25.5],
			"to": [0.5, 3.69, 27.5],
			"rotation": {"angle": 22.5, "axis": "x", "origin": [-1.03093, 0.64686, 26.47216]},
			"faces": {
				"north": {"uv": [0, 12, 4, 16], "rotation": 180, "texture": "#2"},
				"east": {"uv": [0, 9, 4, 11], "rotation": 90, "texture": "#2"},
				"south": {"uv": [0, 12, 4, 16], "texture": "#2"},
				"west": {"uv": [0, 9, 4, 11], "rotation": 270, "texture": "#2"},
				"up": {"uv": [0, 12, 4, 16], "texture": "#2"},
				"down": {"uv": [0, 12, 4, 16], "rotation": 180, "texture": "#2"}
			}
		},
		{
			"from": [-2.54, -0.19598, 23.18331],
			"to": [0.5, 1.44402, 29.68331],
			"rotation": {"angle": 22.5, "axis": "x", "origin": [-1.03093, 0.64686, 26.47216]},
			"faces": {
				"north": {"uv": [0, 12, 4, 16], "texture": "#2"},
				"east": {"uv": [0, 9, 4, 11], "texture": "#2"},
				"south": {"uv": [0, 12, 4, 16], "texture": "#2"},
				"west": {"uv": [0, 9, 4, 11], "texture": "#2"},
				"up": {"uv": [0, 12, 4, 16], "texture": "#2"},
				"down": {"uv": [0, 12, 4, 16], "texture": "#2"}
			}
		},
		{
			"from": [-2.54, -0.19598, 23.18331],
			"to": [0.5, 1.44402, 29.68331],
			"rotation": {"angle": -22.5, "axis": "x", "origin": [-1.03093, 0.64686, 26.47216]},
			"faces": {
				"north": {"uv": [0, 12, 4, 16], "texture": "#2"},
				"east": {"uv": [0, 9, 4, 11], "texture": "#2"},
				"south": {"uv": [0, 12, 4, 16], "texture": "#2"},
				"west": {"uv": [0, 9, 4, 11], "texture": "#2"},
				"up": {"uv": [0, 12, 4, 16], "texture": "#2"},
				"down": {"uv": [0, 12, 4, 16], "texture": "#2"}
			}
		},
		{
			"from": [-2.54, -2.39629, 25.44431],
			"to": [0.5, 3.75371, 27.44431],
			"rotation": {"angle": -22.5, "axis": "x", "origin": [-1.03093, 0.64686, 26.47216]},
			"faces": {
				"north": {"uv": [0, 12, 4, 16], "rotation": 180, "texture": "#2"},
				"east": {"uv": [0, 9, 4, 11], "rotation": 270, "texture": "#2"},
				"south": {"uv": [0, 12, 4, 16], "texture": "#2"},
				"west": {"uv": [0, 9, 4, 11], "rotation": 90, "texture": "#2"},
				"up": {"uv": [0, 12, 4, 16], "rotation": 180, "texture": "#2"},
				"down": {"uv": [0, 12, 4, 16], "texture": "#2"}
			}
		},
		{
			"from": [-2.54, -2.46, 16.75],
			"to": [0.5, 3.69, 18.75],
			"faces": {
				"north": {"uv": [0, 12, 4, 16], "rotation": 180, "texture": "#2"},
				"east": {"uv": [0, 9, 4, 11], "rotation": 90, "texture": "#2"},
				"south": {"uv": [0, 12, 4, 16], "texture": "#2"},
				"west": {"uv": [0, 9, 4, 11], "rotation": 270, "texture": "#2"},
				"up": {"uv": [0, 12, 4, 16], "texture": "#2"},
				"down": {"uv": [0, 12, 4, 16], "rotation": 180, "texture": "#2"}
			}
		},
		{
			"from": [-2.54, -0.19598, 14.43331],
			"to": [0.5, 1.44402, 20.93331],
			"faces": {
				"north": {"uv": [0, 12, 4, 16], "texture": "#2"},
				"east": {"uv": [0, 9, 4, 11], "texture": "#2"},
				"south": {"uv": [0, 12, 4, 16], "texture": "#2"},
				"west": {"uv": [0, 9, 4, 11], "texture": "#2"},
				"up": {"uv": [0, 12, 4, 16], "texture": "#2"},
				"down": {"uv": [0, 12, 4, 16], "texture": "#2"}
			}
		},
		{
			"from": [-2.54, -0.19598, 14.43331],
			"to": [0.5, 1.44402, 20.93331],
			"rotation": {"angle": -45, "axis": "x", "origin": [-1.03093, 0.64686, 17.72216]},
			"faces": {
				"north": {"uv": [0, 12, 4, 16], "texture": "#2"},
				"east": {"uv": [0, 9, 4, 11], "texture": "#2"},
				"south": {"uv": [0, 12, 4, 16], "texture": "#2"},
				"west": {"uv": [0, 9, 4, 11], "texture": "#2"},
				"up": {"uv": [0, 12, 4, 16], "texture": "#2"},
				"down": {"uv": [0, 12, 4, 16], "texture": "#2"}
			}
		},
		{
			"from": [0.5, -0.19598, 14.43331],
			"to": [0.5, 1.44402, 20.93331],
			"rotation": {"angle": 45, "axis": "x", "origin": [-1.03093, 0.64686, 17.72216]},
			"faces": {
				"north": {"uv": [0, 12, 4, 16], "texture": "#2"},
				"east": {"uv": [0, 9, 4, 11], "texture": "#2"},
				"south": {"uv": [0, 12, 4, 16], "texture": "#2"},
				"west": {"uv": [0, 9, 4, 11], "texture": "#2"},
				"up": {"uv": [0, 12, 4, 16], "texture": "#2"},
				"down": {"uv": [0, 12, 4, 16], "texture": "#2"}
			}
		},
		{
			"from": [-2.54, -2.46, 16.75],
			"to": [0.5, 3.69, 18.75],
			"rotation": {"angle": 22.5, "axis": "x", "origin": [-1.03093, 0.64686, 17.72216]},
			"faces": {
				"north": {"uv": [0, 12, 4, 16], "rotation": 180, "texture": "#2"},
				"east": {"uv": [0, 9, 4, 11], "rotation": 90, "texture": "#2"},
				"south": {"uv": [0, 12, 4, 16], "texture": "#2"},
				"west": {"uv": [0, 9, 4, 11], "rotation": 270, "texture": "#2"},
				"up": {"uv": [0, 12, 4, 16], "texture": "#2"},
				"down": {"uv": [0, 12, 4, 16], "rotation": 180, "texture": "#2"}
			}
		},
		{
			"from": [-2.54, -0.19598, 14.43331],
			"to": [0.5, 1.44402, 20.93331],
			"rotation": {"angle": 22.5, "axis": "x", "origin": [-1.03093, 0.64686, 17.72216]},
			"faces": {
				"north": {"uv": [0, 12, 4, 16], "texture": "#2"},
				"east": {"uv": [0, 9, 4, 11], "texture": "#2"},
				"south": {"uv": [0, 12, 4, 16], "texture": "#2"},
				"west": {"uv": [0, 9, 4, 11], "texture": "#2"},
				"up": {"uv": [0, 12, 4, 16], "texture": "#2"},
				"down": {"uv": [0, 12, 4, 16], "texture": "#2"}
			}
		},
		{
			"from": [-2.54, -0.19598, 14.43331],
			"to": [0.5, 1.44402, 20.93331],
			"rotation": {"angle": -22.5, "axis": "x", "origin": [-1.03093, 0.64686, 17.72216]},
			"faces": {
				"north": {"uv": [0, 12, 4, 16], "texture": "#2"},
				"east": {"uv": [0, 9, 4, 11], "texture": "#2"},
				"south": {"uv": [0, 12, 4, 16], "texture": "#2"},
				"west": {"uv": [0, 9, 4, 11], "texture": "#2"},
				"up": {"uv": [0, 12, 4, 16], "texture": "#2"},
				"down": {"uv": [0, 12, 4, 16], "texture": "#2"}
			}
		},
		{
			"from": [-2.54, -2.39629, 16.69431],
			"to": [0.5, 3.75371, 18.69431],
			"rotation": {"angle": -22.5, "axis": "x", "origin": [-1.03093, 0.64686, 17.72216]},
			"faces": {
				"north": {"uv": [0, 12, 4, 16], "rotation": 180, "texture": "#2"},
				"east": {"uv": [0, 9, 4, 11], "rotation": 270, "texture": "#2"},
				"south": {"uv": [0, 12, 4, 16], "texture": "#2"},
				"west": {"uv": [0, 9, 4, 11], "rotation": 90, "texture": "#2"},
				"up": {"uv": [0, 12, 4, 16], "rotation": 180, "texture": "#2"},
				"down": {"uv": [0, 12, 4, 16], "texture": "#2"}
			}
		},
		{
			"from": [-2.54, -2.46, -8.25],
			"to": [0.5, 3.69, -6.25],
			"faces": {
				"north": {"uv": [0, 12, 4, 16], "rotation": 180, "texture": "#2"},
				"east": {"uv": [0, 9, 4, 11], "rotation": 90, "texture": "#2"},
				"south": {"uv": [0, 12, 4, 16], "texture": "#2"},
				"west": {"uv": [0, 9, 4, 11], "rotation": 270, "texture": "#2"},
				"up": {"uv": [0, 12, 4, 16], "texture": "#2"},
				"down": {"uv": [0, 12, 4, 16], "rotation": 180, "texture": "#2"}
			}
		},
		{
			"from": [-2.54, -0.19598, -10.56669],
			"to": [0.5, 1.44402, -4.06669],
			"faces": {
				"north": {"uv": [0, 12, 4, 16], "texture": "#2"},
				"east": {"uv": [0, 9, 4, 11], "texture": "#2"},
				"south": {"uv": [0, 12, 4, 16], "texture": "#2"},
				"west": {"uv": [0, 9, 4, 11], "texture": "#2"},
				"up": {"uv": [0, 12, 4, 16], "texture": "#2"},
				"down": {"uv": [0, 12, 4, 16], "texture": "#2"}
			}
		},
		{
			"from": [-2.54, -0.19598, -10.56669],
			"to": [0.5, 1.44402, -4.06669],
			"rotation": {"angle": -45, "axis": "x", "origin": [-1.03093, 0.64686, -7.27784]},
			"faces": {
				"north": {"uv": [0, 12, 4, 16], "texture": "#2"},
				"east": {"uv": [0, 9, 4, 11], "texture": "#2"},
				"south": {"uv": [0, 12, 4, 16], "texture": "#2"},
				"west": {"uv": [0, 9, 4, 11], "texture": "#2"},
				"up": {"uv": [0, 12, 4, 16], "texture": "#2"},
				"down": {"uv": [0, 12, 4, 16], "texture": "#2"}
			}
		},
		{
			"from": [-2.54, -0.19598, -10.56669],
			"to": [0.5, 1.44402, -4.06669],
			"rotation": {"angle": 45, "axis": "x", "origin": [-1.03093, 0.64686, -7.27784]},
			"faces": {
				"north": {"uv": [0, 12, 4, 16], "texture": "#2"},
				"east": {"uv": [0, 9, 4, 11], "texture": "#2"},
				"south": {"uv": [0, 12, 4, 16], "texture": "#2"},
				"west": {"uv": [0, 9, 4, 11], "texture": "#2"},
				"up": {"uv": [0, 12, 4, 16], "texture": "#2"},
				"down": {"uv": [0, 12, 4, 16], "texture": "#2"}
			}
		},
		{
			"from": [-2.54, -2.46, -8.25],
			"to": [0.5, 3.69, -6.25],
			"rotation": {"angle": 22.5, "axis": "x", "origin": [-1.03093, 0.64686, -7.27784]},
			"faces": {
				"north": {"uv": [0, 12, 4, 16], "rotation": 180, "texture": "#2"},
				"east": {"uv": [0, 9, 4, 11], "rotation": 90, "texture": "#2"},
				"south": {"uv": [0, 12, 4, 16], "texture": "#2"},
				"west": {"uv": [0, 9, 4, 11], "rotation": 270, "texture": "#2"},
				"up": {"uv": [0, 12, 4, 16], "texture": "#2"},
				"down": {"uv": [0, 12, 4, 16], "rotation": 180, "texture": "#2"}
			}
		},
		{
			"from": [-2.54, -0.19598, -10.56669],
			"to": [0.5, 1.44402, -4.06669],
			"rotation": {"angle": 22.5, "axis": "x", "origin": [-1.03093, 0.64686, -7.27784]},
			"faces": {
				"north": {"uv": [0, 12, 4, 16], "texture": "#2"},
				"east": {"uv": [0, 9, 4, 11], "texture": "#2"},
				"south": {"uv": [0, 12, 4, 16], "texture": "#2"},
				"west": {"uv": [0, 9, 4, 11], "texture": "#2"},
				"up": {"uv": [0, 12, 4, 16], "texture": "#2"},
				"down": {"uv": [0, 12, 4, 16], "texture": "#2"}
			}
		},
		{
			"from": [-2.54, -0.19598, -10.56669],
			"to": [0.5, 1.44402, -4.06669],
			"rotation": {"angle": -22.5, "axis": "x", "origin": [-1.03093, 0.64686, -7.27784]},
			"faces": {
				"north": {"uv": [0, 12, 4, 16], "texture": "#2"},
				"east": {"uv": [0, 9, 4, 11], "texture": "#2"},
				"south": {"uv": [0, 12, 4, 16], "texture": "#2"},
				"west": {"uv": [0, 9, 4, 11], "texture": "#2"},
				"up": {"uv": [0, 12, 4, 16], "texture": "#2"},
				"down": {"uv": [0, 12, 4, 16], "texture": "#2"}
			}
		},
		{
			"from": [-2.54, -2.39629, -8.30569],
			"to": [0.5, 3.75371, -6.30569],
			"rotation": {"angle": -22.5, "axis": "x", "origin": [-1.03093, 0.64686, -7.27784]},
			"faces": {
				"north": {"uv": [0, 12, 4, 16], "rotation": 180, "texture": "#2"},
				"east": {"uv": [0, 9, 4, 11], "rotation": 270, "texture": "#2"},
				"south": {"uv": [0, 12, 4, 16], "texture": "#2"},
				"west": {"uv": [0, 9, 4, 11], "rotation": 90, "texture": "#2"},
				"up": {"uv": [0, 12, 4, 16], "rotation": 180, "texture": "#2"},
				"down": {"uv": [0, 12, 4, 16], "texture": "#2"}
			}
		}
	],
	"display": {
		"thirdperson_righthand": {
			"translation": [0, 6, 0]
		},
		"thirdperson_lefthand": {
			"translation": [0, -6, 0]
		},
		"gui": {
			"rotation": [22, 57, 0],
			"scale": [0.3, 0.3, 0.3]
		},
		"head": {
			"rotation": [0, -2, 0],
			"translation": [9.75, 1.25, 59],
			"scale": [4, 4, 4]
		}
	},
	"groups": [0, 1, 2, 3, 4, 5, 6, 7, 8, 9, 10, 11, 12, 13, 14, 15, 16, 17, 18, 19, 20, 21,
		{
			"name": "chair",
			"origin": [8, 8, 8],
			"children": [22, 23]
		},
		{
			"name": "chair",
			"origin": [8, 8, 8],
			"children": [24, 25]
		},
		{
			"name": "steeringwheel",
			"origin": [8, 8, 8],
			"children": [26, 27, 28, 29, 30, 31, 32, 33, 34, 35]
		}, 36, 37, 38, 39, 40, 41, 42, 43, 44, 45, 46, 47, 48, 49, 50, 51, 52, 53, 54, 55, 56, 57, 58, 59, 60, 61, 62,
		{
			"name": "group",
			"origin": [6.75, 18.17, 14.91],
			"children": []
		},
		{
			"name": "group3",
			"origin": [8, 8, 8],
			"children": [63, 64, 65, 66, 67, 68, 69, 70]
		},
		{
			"name": "group3",
			"origin": [8, 8, 8],
			"children": [71, 72, 73, 74, 75, 76, 77, 78]
		},
		{
			"name": "group3",
			"origin": [8, 8, 8],
			"children": [79, 80, 81, 82, 83, 84, 85, 86]
		},
		{
			"name": "group3",
			"origin": [8, 8, 8],
			"children": [87, 88, 89, 90, 91, 92, 93, 94]
		},
		{
			"name": "group3",
			"origin": [8, 8, 8],
			"children": [95, 96, 97, 98, 99, 100, 101, 102]
		},
		{
			"name": "group3",
			"origin": [8, 8, 8],
			"children": [103, 104, 105, 106, 107, 108, 109, 110]
		},
		{
			"name": "group",
			"origin": [6.75, 18.17, 14.91],
			"children": []
		}
	]
}